game_pk,date,gameType,away,home,rA,rH,feed_final,verified,plays,bip,errors,fc,reviews,overturned,run_removed_hard,run_removed_heuristic,linescore_url,feed_url,feed_bytes,linescore_bytes
823169,2026-09-21,R,MIN,SF,2,5,2-5,1,65,43,0,0,9,0,0,0,https://statsapi.mlb.com/api/v1/game/823169/linescore,"https://statsapi.mlb.com/api/v1.1/game/823169/feed/live?fields=liveData,plays,allPlays,about,atBatIndex,inning,halfInning,isTopInning,isComplete,hasReview,captivatingIndex,result,eventType,event,description,rbi,awayScore,homeScore,isOut,reviewDetails,isOverturned,reviewType,challengeTeamId,inProgress,playEvents,playId,isPitch,index,count,balls,strikes,outs,details,hitData,launchSpeed,launchAngle,totalDistance,trajectory,hardness,hitCoordinates,coordX,coordY,matchup,batter,fullName,pitcher,batSide,pitchHand,code,runners,movement,start,end,outBase,isOut,originBase,credits,position,player,",139270,3156
824221,2026-09-21,R,WSH,DET,2,9,2-9,1,73,49,0,0,3,0,0,0,https://statsapi.mlb.com/api/v1/game/824221/linescore,"https://statsapi.mlb.com/api/v1.1/game/824221/feed/live?fields=liveData,plays,allPlays,about,atBatIndex,inning,halfInning,isTopInning,isComplete,hasReview,captivatingIndex,result,eventType,event,description,rbi,awayScore,homeScore,isOut,reviewDetails,isOverturned,reviewType,challengeTeamId,inProgress,playEvents,playId,isPitch,index,count,balls,strikes,outs,details,hitData,launchSpeed,launchAngle,totalDistance,trajectory,hardness,hitCoordinates,coordX,coordY,matchup,batter,fullName,pitcher,batSide,pitchHand,code,runners,movement,start,end,outBase,isOut,originBase,credits,position,player,",141848,3192
824787,2026-09-21,R,TOR,BAL,3,4,3-4,1,65,45,0,0,4,0,0,0,https://statsapi.mlb.com/api/v1/game/824787/linescore,"https://statsapi.mlb.com/api/v1.1/game/824787/feed/live?fields=liveData,plays,allPlays,about,atBatIndex,inning,halfInning,isTopInning,isComplete,hasReview,captivatingIndex,result,eventType,event,description,rbi,awayScore,homeScore,isOut,reviewDetails,isOverturned,reviewType,challengeTeamId,inProgress,playEvents,playId,isPitch,index,count,balls,strikes,outs,details,hitData,launchSpeed,launchAngle,totalDistance,trajectory,hardness,hitCoordinates,coordX,coordY,matchup,batter,fullName,pitcher,batSide,pitchHand,code,runners,movement,start,end,outBase,isOut,originBase,credits,position,player,",135776,3237
822840,2026-09-22,R,NYM,TEX,6,3,6-3,1,79,50,2,0,6,0,0,0,https://statsapi.mlb.com/api/v1/game/822840/linescore,"https://statsapi.mlb.com/api/v1.1/game/822840/feed/live?fields=liveData,plays,allPlays,about,atBatIndex,inning,halfInning,isTopInning,isComplete,hasReview,captivatingIndex,result,eventType,event,description,rbi,awayScore,homeScore,isOut,reviewDetails,isOverturned,reviewType,challengeTeamId,inProgress,playEvents,playId,isPitch,index,count,balls,strikes,outs,details,hitData,launchSpeed,launchAngle,totalDistance,trajectory,hardness,hitCoordinates,coordX,coordY,matchup,batter,fullName,pitcher,batSide,pitchHand,code,runners,movement,start,end,outBase,isOut,originBase,credits,position,player,",168145,3275
823089,2026-09-22,R,HOU,SEA,7,0,7-0,1,80,51,1,0,5,0,0,0,https://statsapi.mlb.com/api/v1/game/823089/linescore,"https://statsapi.mlb.com/api/v1.1/game/823089/feed/live?fields=liveData,plays,allPlays,about,atBatIndex,inning,halfInning,isTopInning,isComplete,hasReview,captivatingIndex,result,eventType,event,description,rbi,awayScore,homeScore,isOut,reviewDetails,isOverturned,reviewType,challengeTeamId,inProgress,playEvents,playId,isPitch,index,count,balls,strikes,outs,details,hitData,launchSpeed,launchAngle,totalDistance,trajectory,hardness,hitCoordinates,coordX,coordY,matchup,batter,fullName,pitcher,batSide,pitchHand,code,runners,movement,start,end,outBase,isOut,originBase,credits,position,player,",173438,3187
823166,2026-09-22,R,MIN,SF,3,2,3-2,1,71,46,1,1,3,0,0,0,https://statsapi.mlb.com/api/v1/game/823166/linescore,"https://statsapi.mlb.com/api/v1.1/game/823166/feed/live?fields=liveData,plays,allPlays,about,atBatIndex,inning,halfInning,isTopInning,isComplete,hasReview,captivatingIndex,result,eventType,event,description,rbi,awayScore,homeScore,isOut,reviewDetails,isOverturned,reviewType,challengeTeamId,inProgress,playEvents,playId,isPitch,index,count,balls,strikes,outs,details,hitData,launchSpeed,launchAngle,totalDistance,trajectory,hardness,hitCoordinates,coordX,coordY,matchup,batter,fullName,pitcher,batSide,pitchHand,code,runners,movement,start,end,outBase,isOut,originBase,credits,position,player,",155505,3195
823328,2026-09-22,R,STL,PIT,0,2,0-2,1,64,39,0,1,5,0,0,0,https://statsapi.mlb.com/api/v1/game/823328/linescore,"https://statsapi.mlb.com/api/v1.1/game/823328/feed/live?fields=liveData,plays,allPlays,about,atBatIndex,inning,halfInning,isTopInning,isComplete,hasReview,captivatingIndex,result,eventType,event,description,rbi,awayScore,homeScore,isOut,reviewDetails,isOverturned,reviewType,challengeTeamId,inProgress,playEvents,playId,isPitch,index,count,balls,strikes,outs,details,hitData,launchSpeed,launchAngle,totalDistance,trajectory,hardness,hitCoordinates,coordX,coordY,matchup,batter,fullName,pitcher,batSide,pitchHand,code,runners,movement,start,end,outBase,isOut,originBase,credits,position,player,",132127,3167
823412,2026-09-22,R,MIL,PHI,4,6,4-6,1,70,46,1,0,7,0,0,0,https://statsapi.mlb.com/api/v1/game/823412/linescore,"https://statsapi.mlb.com/api/v1.1/game/823412/feed/live?fields=liveData,plays,allPlays,about,atBatIndex,inning,halfInning,isTopInning,isComplete,hasReview,captivatingIndex,result,eventType,event,description,rbi,awayScore,homeScore,isOut,reviewDetails,isOverturned,reviewType,challengeTeamId,inProgress,playEvents,playId,isPitch,index,count,balls,strikes,outs,details,hitData,launchSpeed,launchAngle,totalDistance,trajectory,hardness,hitCoordinates,coordX,coordY,matchup,batter,fullName,pitcher,batSide,pitchHand,code,runners,movement,start,end,outBase,isOut,originBase,credits,position,player,",146750,3158
823494,2026-09-22,R,TB,NYY,6,1,6-1,1,73,48,0,0,6,0,0,0,https://statsapi.mlb.com/api/v1/game/823494/linescore,"https://statsapi.mlb.com/api/v1.1/game/823494/feed/live?fields=liveData,plays,allPlays,about,atBatIndex,inning,halfInning,isTopInning,isComplete,hasReview,captivatingIndex,result,eventType,event,description,rbi,awayScore,homeScore,isOut,reviewDetails,isOverturned,reviewType,challengeTeamId,inProgress,playEvents,playId,isPitch,index,count,balls,strikes,outs,details,hitData,launchSpeed,launchAngle,totalDistance,trajectory,hardness,hitCoordinates,coordX,coordY,matchup,batter,fullName,pitcher,batSide,pitchHand,code,runners,movement,start,end,outBase,isOut,originBase,credits,position,player,",156032,3393
823543,2026-09-22,R,TB,NYY,0,2,0-2,1,58,38,0,0,3,0,0,0,https://statsapi.mlb.com/api/v1/game/823543/linescore,"https://statsapi.mlb.com/api/v1.1/game/823543/feed/live?fields=liveData,plays,allPlays,about,atBatIndex,inning,halfInning,isTopInning,isComplete,hasReview,captivatingIndex,result,eventType,event,description,rbi,awayScore,homeScore,isOut,reviewDetails,isOverturned,reviewType,challengeTeamId,inProgress,playEvents,playId,isPitch,index,count,balls,strikes,outs,details,hitData,launchSpeed,launchAngle,totalDistance,trajectory,hardness,hitCoordinates,coordX,coordY,matchup,batter,fullName,pitcher,batSide,pitchHand,code,runners,movement,start,end,outBase,isOut,originBase,credits,position,player,",116105,3214
823897,2026-09-22,R,SD,LAD,0,7,0-7,1,72,47,1,0,3,0,0,0,https://statsapi.mlb.com/api/v1/game/823897/linescore,"https://statsapi.mlb.com/api/v1.1/game/823897/feed/live?fields=liveData,plays,allPlays,about,atBatIndex,inning,halfInning,isTopInning,isComplete,hasReview,captivatingIndex,result,eventType,event,description,rbi,awayScore,homeScore,isOut,reviewDetails,isOverturned,reviewType,challengeTeamId,inProgress,playEvents,playId,isPitch,index,count,balls,strikes,outs,details,hitData,launchSpeed,launchAngle,totalDistance,trajectory,hardness,hitCoordinates,coordX,coordY,matchup,batter,fullName,pitcher,batSide,pitchHand,code,runners,movement,start,end,outBase,isOut,originBase,credits,position,player,",150537,3167
824061,2026-09-22,R,CWS,KC,14,11,14-11,1,89,60,0,0,10,0,0,0,https://statsapi.mlb.com/api/v1/game/824061/linescore,"https://statsapi.mlb.com/api/v1.1/game/824061/feed/live?fields=liveData,plays,allPlays,about,atBatIndex,inning,halfInning,isTopInning,isComplete,hasReview,captivatingIndex,result,eventType,event,description,rbi,awayScore,homeScore,isOut,reviewDetails,isOverturned,reviewType,challengeTeamId,inProgress,playEvents,playId,isPitch,index,count,balls,strikes,outs,details,hitData,launchSpeed,launchAngle,totalDistance,trajectory,hardness,hitCoordinates,coordX,coordY,matchup,batter,fullName,pitcher,batSide,pitchHand,code,runners,movement,start,end,outBase,isOut,originBase,credits,position,player,",186821,3236
824222,2026-09-22,R,WSH,DET,3,1,3-1,1,72,46,0,0,4,0,0,0,https://statsapi.mlb.com/api/v1/game/824222/linescore,"https://statsapi.mlb.com/api/v1.1/game/824222/feed/live?fields=liveData,plays,allPlays,about,atBatIndex,inning,halfInning,isTopInning,isComplete,hasReview,captivatingIndex,result,eventType,event,description,rbi,awayScore,homeScore,isOut,reviewDetails,isOverturned,reviewType,challengeTeamId,inProgress,playEvents,playId,isPitch,index,count,balls,strikes,outs,details,hitData,launchSpeed,launchAngle,totalDistance,trajectory,hardness,hitCoordinates,coordX,coordY,matchup,batter,fullName,pitcher,batSide,pitchHand,code,runners,movement,start,end,outBase,isOut,originBase,credits,position,player,",148510,3293
824302,2026-09-22,R,AZ,COL,7,2,7-2,1,76,55,2,0,1,0,0,0,https://statsapi.mlb.com/api/v1/game/824302/linescore,"https://statsapi.mlb.com/api/v1.1/game/824302/feed/live?fields=liveData,plays,allPlays,about,atBatIndex,inning,halfInning,isTopInning,isComplete,hasReview,captivatingIndex,result,eventType,event,description,rbi,awayScore,homeScore,isOut,reviewDetails,isOverturned,reviewType,challengeTeamId,inProgress,playEvents,playId,isPitch,index,count,balls,strikes,outs,details,hitData,launchSpeed,launchAngle,totalDistance,trajectory,hardness,hitCoordinates,coordX,coordY,matchup,batter,fullName,pitcher,batSide,pitchHand,code,runners,movement,start,end,outBase,isOut,originBase,credits,position,player,",148372,3214
824624,2026-09-22,R,MIA,CHC,8,2,8-2,1,103,59,0,1,11,0,0,0,https://statsapi.mlb.com/api/v1/game/824624/linescore,"https://statsapi.mlb.com/api/v1.1/game/824624/feed/live?fields=liveData,plays,allPlays,about,atBatIndex,inning,halfInning,isTopInning,isComplete,hasReview,captivatingIndex,result,eventType,event,description,rbi,awayScore,homeScore,isOut,reviewDetails,isOverturned,reviewType,challengeTeamId,inProgress,playEvents,playId,isPitch,index,count,balls,strikes,outs,details,hitData,launchSpeed,launchAngle,totalDistance,trajectory,hardness,hitCoordinates,coordX,coordY,matchup,batter,fullName,pitcher,batSide,pitchHand,code,runners,movement,start,end,outBase,isOut,originBase,credits,position,player,",230319,3593
824709,2026-09-22,R,CLE,BOS,3,2,3-2,1,83,52,1,2,8,0,0,0,https://statsapi.mlb.com/api/v1/game/824709/linescore,"https://statsapi.mlb.com/api/v1.1/game/824709/feed/live?fields=liveData,plays,allPlays,about,atBatIndex,inning,halfInning,isTopInning,isComplete,hasReview,captivatingIndex,result,eventType,event,description,rbi,awayScore,homeScore,isOut,reviewDetails,isOverturned,reviewType,challengeTeamId,inProgress,playEvents,playId,isPitch,index,count,balls,strikes,outs,details,hitData,launchSpeed,launchAngle,totalDistance,trajectory,hardness,hitCoordinates,coordX,coordY,matchup,batter,fullName,pitcher,batSide,pitchHand,code,runners,movement,start,end,outBase,isOut,originBase,credits,position,player,",177530,3291
824867,2026-09-22,R,CIN,ATL,4,0,4-0,1,73,53,0,0,3,0,0,0,https://statsapi.mlb.com/api/v1/game/824867/linescore,"https://statsapi.mlb.com/api/v1.1/game/824867/feed/live?fields=liveData,plays,allPlays,about,atBatIndex,inning,halfInning,isTopInning,isComplete,hasReview,captivatingIndex,result,eventType,event,description,rbi,awayScore,homeScore,isOut,reviewDetails,isOverturned,reviewType,challengeTeamId,inProgress,playEvents,playId,isPitch,index,count,balls,strikes,outs,details,hitData,launchSpeed,launchAngle,totalDistance,trajectory,hardness,hitCoordinates,coordX,coordY,matchup,batter,fullName,pitcher,batSide,pitchHand,code,runners,movement,start,end,outBase,isOut,originBase,credits,position,player,",151747,3173
824953,2026-09-22,R,LAA,ATH,7,9,7-9,1,86,66,0,1,6,0,0,0,https://statsapi.mlb.com/api/v1/game/824953/linescore,"https://statsapi.mlb.com/api/v1.1/game/824953/feed/live?fields=liveData,plays,allPlays,about,atBatIndex,inning,halfInning,isTopInning,isComplete,hasReview,captivatingIndex,result,eventType,event,description,rbi,awayScore,homeScore,isOut,reviewDetails,isOverturned,reviewType,challengeTeamId,inProgress,playEvents,playId,isPitch,index,count,balls,strikes,outs,details,hitData,launchSpeed,launchAngle,totalDistance,trajectory,hardness,hitCoordinates,coordX,coordY,matchup,batter,fullName,pitcher,batSide,pitchHand,code,runners,movement,start,end,outBase,isOut,originBase,credits,position,player,",193104,3154
822841,2026-09-23,R,NYM,TEX,7,2,7-2,1,73,54,1,0,2,0,0,0,https://statsapi.mlb.com/api/v1/game/822841/linescore,"https://statsapi.mlb.com/api/v1.1/game/822841/feed/live?fields=liveData,plays,allPlays,about,atBatIndex,inning,halfInning,isTopInning,isComplete,hasReview,captivatingIndex,result,eventType,event,description,rbi,awayScore,homeScore,isOut,reviewDetails,isOverturned,reviewType,challengeTeamId,inProgress,playEvents,playId,isPitch,index,count,balls,strikes,outs,details,hitData,launchSpeed,launchAngle,totalDistance,trajectory,hardness,hitCoordinates,coordX,coordY,matchup,batter,fullName,pitcher,batSide,pitchHand,code,runners,movement,start,end,outBase,isOut,originBase,credits,position,player,",149017,3209
823086,2026-09-23,R,HOU,SEA,5,6,5-6,1,84,54,0,0,4,0,0,0,https://statsapi.mlb.com/api/v1/game/823086/linescore,"https://statsapi.mlb.com/api/v1.1/game/823086/feed/live?fields=liveData,plays,allPlays,about,atBatIndex,inning,halfInning,isTopInning,isComplete,hasReview,captivatingIndex,result,eventType,event,description,rbi,awayScore,homeScore,isOut,reviewDetails,isOverturned,reviewType,challengeTeamId,inProgress,playEvents,playId,isPitch,index,count,balls,strikes,outs,details,hitData,launchSpeed,launchAngle,totalDistance,trajectory,hardness,hitCoordinates,coordX,coordY,matchup,batter,fullName,pitcher,batSide,pitchHand,code,runners,movement,start,end,outBase,isOut,originBase,credits,position,player,",187129,3596
823168,2026-09-23,R,MIN,SF,4,2,4-2,1,74,55,0,1,4,0,0,0,https://statsapi.mlb.com/api/v1/game/823168/linescore,"https://statsapi.mlb.com/api/v1.1/game/823168/feed/live?fields=liveData,plays,allPlays,about,atBatIndex,inning,halfInning,isTopInning,isComplete,hasReview,captivatingIndex,result,eventType,event,description,rbi,awayScore,homeScore,isOut,reviewDetails,isOverturned,reviewType,challengeTeamId,inProgress,playEvents,playId,isPitch,index,count,balls,strikes,outs,details,hitData,launchSpeed,launchAngle,totalDistance,trajectory,hardness,hitCoordinates,coordX,coordY,matchup,batter,fullName,pitcher,batSide,pitchHand,code,runners,movement,start,end,outBase,isOut,originBase,credits,position,player,",155794,3366
823327,2026-09-23,R,STL,PIT,5,1,5-1,1,72,47,0,0,4,0,0,0,https://statsapi.mlb.com/api/v1/game/823327/linescore,"https://statsapi.mlb.com/api/v1.1/game/823327/feed/live?fields=liveData,plays,allPlays,about,atBatIndex,inning,halfInning,isTopInning,isComplete,hasReview,captivatingIndex,result,eventType,event,description,rbi,awayScore,homeScore,isOut,reviewDetails,isOverturned,reviewType,challengeTeamId,inProgress,playEvents,playId,isPitch,index,count,balls,strikes,outs,details,hitData,launchSpeed,launchAngle,totalDistance,trajectory,hardness,hitCoordinates,coordX,coordY,matchup,batter,fullName,pitcher,batSide,pitchHand,code,runners,movement,start,end,outBase,isOut,originBase,credits,position,player,",153858,3176
823410,2026-09-23,R,MIL,PHI,4,1,4-1,1,71,47,1,0,5,0,0,0,https://statsapi.mlb.com/api/v1/game/823410/linescore,"https://statsapi.mlb.com/api/v1.1/game/823410/feed/live?fields=liveData,plays,allPlays,about,atBatIndex,inning,halfInning,isTopInning,isComplete,hasReview,captivatingIndex,result,eventType,event,description,rbi,awayScore,homeScore,isOut,reviewDetails,isOverturned,reviewType,challengeTeamId,inProgress,playEvents,playId,isPitch,index,count,balls,strikes,outs,details,hitData,launchSpeed,launchAngle,totalDistance,trajectory,hardness,hitCoordinates,coordX,coordY,matchup,batter,fullName,pitcher,batSide,pitchHand,code,runners,movement,start,end,outBase,isOut,originBase,credits,position,player,",142888,3186
823492,2026-09-23,R,TB,NYY,2,9,2-9,1,78,50,2,0,6,0,0,0,https://statsapi.mlb.com/api/v1/game/823492/linescore,"https://statsapi.mlb.com/api/v1.1/game/823492/feed/live?fields=liveData,plays,allPlays,about,atBatIndex,inning,halfInning,isTopInning,isComplete,hasReview,captivatingIndex,result,eventType,event,description,rbi,awayScore,homeScore,isOut,reviewDetails,isOverturned,reviewType,challengeTeamId,inProgress,playEvents,playId,isPitch,index,count,balls,strikes,outs,details,hitData,launchSpeed,launchAngle,totalDistance,trajectory,hardness,hitCoordinates,coordX,coordY,matchup,batter,fullName,pitcher,batSide,pitchHand,code,runners,movement,start,end,outBase,isOut,originBase,credits,position,player,",166914,3215
823894,2026-09-23,R,SD,LAD,5,1,5-1,1,79,57,0,2,7,0,0,0,https://statsapi.mlb.com/api/v1/game/823894/linescore,"https://statsapi.mlb.com/api/v1.1/game/823894/feed/live?fields=liveData,plays,allPlays,about,atBatIndex,inning,halfInning,isTopInning,isComplete,hasReview,captivatingIndex,result,eventType,event,description,rbi,awayScore,homeScore,isOut,reviewDetails,isOverturned,reviewType,challengeTeamId,inProgress,playEvents,playId,isPitch,index,count,balls,strikes,outs,details,hitData,launchSpeed,launchAngle,totalDistance,trajectory,hardness,hitCoordinates,coordX,coordY,matchup,batter,fullName,pitcher,batSide,pitchHand,code,runners,movement,start,end,outBase,isOut,originBase,credits,position,player,",171693,3308
824060,2026-09-23,R,CWS,KC,4,5,4-5,1,73,54,0,1,5,0,0,0,https://statsapi.mlb.com/api/v1/game/824060/linescore,"https://statsapi.mlb.com/api/v1.1/game/824060/feed/live?fields=liveData,plays,allPlays,about,atBatIndex,inning,halfInning,isTopInning,isComplete,hasReview,captivatingIndex,result,eventType,event,description,rbi,awayScore,homeScore,isOut,reviewDetails,isOverturned,reviewType,challengeTeamId,inProgress,playEvents,playId,isPitch,index,count,balls,strikes,outs,details,hitData,launchSpeed,launchAngle,totalDistance,trajectory,hardness,hitCoordinates,coordX,coordY,matchup,batter,fullName,pitcher,batSide,pitchHand,code,runners,movement,start,end,outBase,isOut,originBase,credits,position,player,",162509,3173
824223,2026-09-23,R,WSH,DET,4,2,4-2,1,75,48,0,0,4,0,0,0,https://statsapi.mlb.com/api/v1/game/824223/linescore,"https://statsapi.mlb.com/api/v1.1/game/824223/feed/live?fields=liveData,plays,allPlays,about,atBatIndex,inning,halfInning,isTopInning,isComplete,hasReview,captivatingIndex,result,eventType,event,description,rbi,awayScore,homeScore,isOut,reviewDetails,isOverturned,reviewType,challengeTeamId,inProgress,playEvents,playId,isPitch,index,count,balls,strikes,outs,details,hitData,launchSpeed,launchAngle,totalDistance,trajectory,hardness,hitCoordinates,coordX,coordY,matchup,batter,fullName,pitcher,batSide,pitchHand,code,runners,movement,start,end,outBase,isOut,originBase,credits,position,player,",157190,3361
824301,2026-09-23,R,AZ,COL,5,3,5-3,1,70,53,1,0,6,0,0,0,https://statsapi.mlb.com/api/v1/game/824301/linescore,"https://statsapi.mlb.com/api/v1.1/game/824301/feed/live?fields=liveData,plays,allPlays,about,atBatIndex,inning,halfInning,isTopInning,isComplete,hasReview,captivatingIndex,result,eventType,event,description,rbi,awayScore,homeScore,isOut,reviewDetails,isOverturned,reviewType,challengeTeamId,inProgress,playEvents,playId,isPitch,index,count,balls,strikes,outs,details,hitData,launchSpeed,launchAngle,totalDistance,trajectory,hardness,hitCoordinates,coordX,coordY,matchup,batter,fullName,pitcher,batSide,pitchHand,code,runners,movement,start,end,outBase,isOut,originBase,credits,position,player,",141258,3186
824625,2026-09-23,R,MIA,CHC,3,2,3-2,1,74,48,0,0,9,0,0,0,https://statsapi.mlb.com/api/v1/game/824625/linescore,"https://statsapi.mlb.com/api/v1.1/game/824625/feed/live?fields=liveData,plays,allPlays,about,atBatIndex,inning,halfInning,isTopInning,isComplete,hasReview,captivatingIndex,result,eventType,event,description,rbi,awayScore,homeScore,isOut,reviewDetails,isOverturned,reviewType,challengeTeamId,inProgress,playEvents,playId,isPitch,index,count,balls,strikes,outs,details,hitData,launchSpeed,launchAngle,totalDistance,trajectory,hardness,hitCoordinates,coordX,coordY,matchup,batter,fullName,pitcher,batSide,pitchHand,code,runners,movement,start,end,outBase,isOut,originBase,credits,position,player,",159165,3179
824710,2026-09-23,R,CLE,BOS,0,1,0-1,1,69,47,1,0,6,0,0,0,https://statsapi.mlb.com/api/v1/game/824710/linescore,"https://statsapi.mlb.com/api/v1.1/game/824710/feed/live?fields=liveData,plays,allPlays,about,atBatIndex,inning,halfInning,isTopInning,isComplete,hasReview,captivatingIndex,result,eventType,event,description,rbi,awayScore,homeScore,isOut,reviewDetails,isOverturned,reviewType,challengeTeamId,inProgress,playEvents,playId,isPitch,index,count,balls,strikes,outs,details,hitData,launchSpeed,launchAngle,totalDistance,trajectory,hardness,hitCoordinates,coordX,coordY,matchup,batter,fullName,pitcher,batSide,pitchHand,code,runners,movement,start,end,outBase,isOut,originBase,credits,position,player,",141647,3204
824784,2026-09-23,R,TOR,BAL,2,4,2-4,1,64,45,1,0,6,0,0,0,https://statsapi.mlb.com/api/v1/game/824784/linescore,"https://statsapi.mlb.com/api/v1.1/game/824784/feed/live?fields=liveData,plays,allPlays,about,atBatIndex,inning,halfInning,isTopInning,isComplete,hasReview,captivatingIndex,result,eventType,event,description,rbi,awayScore,homeScore,isOut,reviewDetails,isOverturned,reviewType,challengeTeamId,inProgress,playEvents,playId,isPitch,index,count,balls,strikes,outs,details,hitData,launchSpeed,launchAngle,totalDistance,trajectory,hardness,hitCoordinates,coordX,coordY,matchup,batter,fullName,pitcher,batSide,pitchHand,code,runners,movement,start,end,outBase,isOut,originBase,credits,position,player,",132105,3181
824785,2026-09-23,R,TOR,BAL,2,4,2-4,1,71,51,1,1,3,0,0,0,https://statsapi.mlb.com/api/v1/game/824785/linescore,"https://statsapi.mlb.com/api/v1.1/game/824785/feed/live?fields=liveData,plays,allPlays,about,atBatIndex,inning,halfInning,isTopInning,isComplete,hasReview,captivatingIndex,result,eventType,event,description,rbi,awayScore,homeScore,isOut,reviewDetails,isOverturned,reviewType,challengeTeamId,inProgress,playEvents,playId,isPitch,index,count,balls,strikes,outs,details,hitData,launchSpeed,launchAngle,totalDistance,trajectory,hardness,hitCoordinates,coordX,coordY,matchup,batter,fullName,pitcher,batSide,pitchHand,code,runners,movement,start,end,outBase,isOut,originBase,credits,position,player,",147631,3206
824868,2026-09-23,R,CIN,ATL,2,3,2-3,1,75,45,1,0,5,0,0,0,https://statsapi.mlb.com/api/v1/game/824868/linescore,"https://statsapi.mlb.com/api/v1.1/game/824868/feed/live?fields=liveData,plays,allPlays,about,atBatIndex,inning,halfInning,isTopInning,isComplete,hasReview,captivatingIndex,result,eventType,event,description,rbi,awayScore,homeScore,isOut,reviewDetails,isOverturned,reviewType,challengeTeamId,inProgress,playEvents,playId,isPitch,index,count,balls,strikes,outs,details,hitData,launchSpeed,launchAngle,totalDistance,trajectory,hardness,hitCoordinates,coordX,coordY,matchup,batter,fullName,pitcher,batSide,pitchHand,code,runners,movement,start,end,outBase,isOut,originBase,credits,position,player,",154943,3511
824951,2026-09-23,R,LAA,ATH,3,7,3-7,1,76,54,1,1,5,0,0,0,https://statsapi.mlb.com/api/v1/game/824951/linescore,"https://statsapi.mlb.com/api/v1.1/game/824951/feed/live?fields=liveData,plays,allPlays,about,atBatIndex,inning,halfInning,isTopInning,isComplete,hasReview,captivatingIndex,result,eventType,event,description,rbi,awayScore,homeScore,isOut,reviewDetails,isOverturned,reviewType,challengeTeamId,inProgress,playEvents,playId,isPitch,index,count,balls,strikes,outs,details,hitData,launchSpeed,launchAngle,totalDistance,trajectory,hardness,hitCoordinates,coordX,coordY,matchup,batter,fullName,pitcher,batSide,pitchHand,code,runners,movement,start,end,outBase,isOut,originBase,credits,position,player,",172432,3167
822842,2026-09-24,R,NYM,TEX,1,3,1-3,1,64,42,0,0,4,0,0,0,https://statsapi.mlb.com/api/v1/game/822842/linescore,"https://statsapi.mlb.com/api/v1.1/game/822842/feed/live?fields=liveData,plays,allPlays,about,atBatIndex,inning,halfInning,isTopInning,isComplete,hasReview,captivatingIndex,result,eventType,event,description,rbi,awayScore,homeScore,isOut,reviewDetails,isOverturned,reviewType,challengeTeamId,inProgress,playEvents,playId,isPitch,index,count,balls,strikes,outs,details,hitData,launchSpeed,launchAngle,totalDistance,trajectory,hardness,hitCoordinates,coordX,coordY,matchup,batter,fullName,pitcher,batSide,pitchHand,code,runners,movement,start,end,outBase,isOut,originBase,credits,position,player,",136358,3161
823087,2026-09-24,R,LAA,SEA,6,4,6-4,1,79,49,0,0,6,0,0,0,https://statsapi.mlb.com/api/v1/game/823087/linescore,"https://statsapi.mlb.com/api/v1.1/game/823087/feed/live?fields=liveData,plays,allPlays,about,atBatIndex,inning,halfInning,isTopInning,isComplete,hasReview,captivatingIndex,result,eventType,event,description,rbi,awayScore,homeScore,isOut,reviewDetails,isOverturned,reviewType,challengeTeamId,inProgress,playEvents,playId,isPitch,index,count,balls,strikes,outs,details,hitData,launchSpeed,launchAngle,totalDistance,trajectory,hardness,hitCoordinates,coordX,coordY,matchup,batter,fullName,pitcher,batSide,pitchHand,code,runners,movement,start,end,outBase,isOut,originBase,credits,position,player,",170076,3183
823326,2026-09-24,R,STL,PIT,1,2,1-2,1,70,41,0,0,3,0,0,0,https://statsapi.mlb.com/api/v1/game/823326/linescore,"https://statsapi.mlb.com/api/v1.1/game/823326/feed/live?fields=liveData,plays,allPlays,about,atBatIndex,inning,halfInning,isTopInning,isComplete,hasReview,captivatingIndex,result,eventType,event,description,rbi,awayScore,homeScore,isOut,reviewDetails,isOverturned,reviewType,challengeTeamId,inProgress,playEvents,playId,isPitch,index,count,balls,strikes,outs,details,hitData,launchSpeed,launchAngle,totalDistance,trajectory,hardness,hitCoordinates,coordX,coordY,matchup,batter,fullName,pitcher,batSide,pitchHand,code,runners,movement,start,end,outBase,isOut,originBase,credits,position,player,",151762,3165
823411,2026-09-24,R,MIL,PHI,5,1,5-1,1,78,50,1,0,8,0,0,0,https://statsapi.mlb.com/api/v1/game/823411/linescore,"https://statsapi.mlb.com/api/v1.1/game/823411/feed/live?fields=liveData,plays,allPlays,about,atBatIndex,inning,halfInning,isTopInning,isComplete,hasReview,captivatingIndex,result,eventType,event,description,rbi,awayScore,homeScore,isOut,reviewDetails,isOverturned,reviewType,challengeTeamId,inProgress,playEvents,playId,isPitch,index,count,balls,strikes,outs,details,hitData,launchSpeed,launchAngle,totalDistance,trajectory,hardness,hitCoordinates,coordX,coordY,matchup,batter,fullName,pitcher,batSide,pitchHand,code,runners,movement,start,end,outBase,isOut,originBase,credits,position,player,",163212,3175
823493,2026-09-24,R,TB,NYY,4,6,4-6,1,77,52,0,2,3,0,0,0,https://statsapi.mlb.com/api/v1/game/823493/linescore,"https://statsapi.mlb.com/api/v1.1/game/823493/feed/live?fields=liveData,plays,allPlays,about,atBatIndex,inning,halfInning,isTopInning,isComplete,hasReview,captivatingIndex,result,eventType,event,description,rbi,awayScore,homeScore,isOut,reviewDetails,isOverturned,reviewType,challengeTeamId,inProgress,playEvents,playId,isPitch,index,count,balls,strikes,outs,details,hitData,launchSpeed,launchAngle,totalDistance,trajectory,hardness,hitCoordinates,coordX,coordY,matchup,batter,fullName,pitcher,batSide,pitchHand,code,runners,movement,start,end,outBase,isOut,originBase,credits,position,player,",171065,3281
823895,2026-09-24,R,SD,LAD,4,2,4-2,1,73,40,0,0,6,0,0,0,https://statsapi.mlb.com/api/v1/game/823895/linescore,"https://statsapi.mlb.com/api/v1.1/game/823895/feed/live?fields=liveData,plays,allPlays,about,atBatIndex,inning,halfInning,isTopInning,isComplete,hasReview,captivatingIndex,result,eventType,event,description,rbi,awayScore,homeScore,isOut,reviewDetails,isOverturned,reviewType,challengeTeamId,inProgress,playEvents,playId,isPitch,index,count,balls,strikes,outs,details,hitData,launchSpeed,launchAngle,totalDistance,trajectory,hardness,hitCoordinates,coordX,coordY,matchup,batter,fullName,pitcher,batSide,pitchHand,code,runners,movement,start,end,outBase,isOut,originBase,credits,position,player,",155041,3190
824059,2026-09-24,R,CWS,KC,9,1,9-1,1,82,51,0,0,7,0,0,0,https://statsapi.mlb.com/api/v1/game/824059/linescore,"https://statsapi.mlb.com/api/v1.1/game/824059/feed/live?fields=liveData,plays,allPlays,about,atBatIndex,inning,halfInning,isTopInning,isComplete,hasReview,captivatingIndex,result,eventType,event,description,rbi,awayScore,homeScore,isOut,reviewDetails,isOverturned,reviewType,challengeTeamId,inProgress,playEvents,playId,isPitch,index,count,balls,strikes,outs,details,hitData,launchSpeed,launchAngle,totalDistance,trajectory,hardness,hitCoordinates,coordX,coordY,matchup,batter,fullName,pitcher,batSide,pitchHand,code,runners,movement,start,end,outBase,isOut,originBase,credits,position,player,",171380,3201
824298,2026-09-24,R,AZ,COL,12,8,12-8,1,94,73,0,0,4,0,0,0,https://statsapi.mlb.com/api/v1/game/824298/linescore,"https://statsapi.mlb.com/api/v1.1/game/824298/feed/live?fields=liveData,plays,allPlays,about,atBatIndex,inning,halfInning,isTopInning,isComplete,hasReview,captivatingIndex,result,eventType,event,description,rbi,awayScore,homeScore,isOut,reviewDetails,isOverturned,reviewType,challengeTeamId,inProgress,playEvents,playId,isPitch,index,count,balls,strikes,outs,details,hitData,launchSpeed,launchAngle,totalDistance,trajectory,hardness,hitCoordinates,coordX,coordY,matchup,batter,fullName,pitcher,batSide,pitchHand,code,runners,movement,start,end,outBase,isOut,originBase,credits,position,player,",200035,3225
824623,2026-09-24,R,MIA,CHC,1,2,1-2,1,68,52,1,0,2,0,0,0,https://statsapi.mlb.com/api/v1/game/824623/linescore,"https://statsapi.mlb.com/api/v1.1/game/824623/feed/live?fields=liveData,plays,allPlays,about,atBatIndex,inning,halfInning,isTopInning,isComplete,hasReview,captivatingIndex,result,eventType,event,description,rbi,awayScore,homeScore,isOut,reviewDetails,isOverturned,reviewType,challengeTeamId,inProgress,playEvents,playId,isPitch,index,count,balls,strikes,outs,details,hitData,launchSpeed,launchAngle,totalDistance,trajectory,hardness,hitCoordinates,coordX,coordY,matchup,batter,fullName,pitcher,batSide,pitchHand,code,runners,movement,start,end,outBase,isOut,originBase,credits,position,player,",141692,3202
824707,2026-09-24,R,CLE,BOS,1,0,1-0,1,66,41,2,0,8,0,0,0,https://statsapi.mlb.com/api/v1/game/824707/linescore,"https://statsapi.mlb.com/api/v1.1/game/824707/feed/live?fields=liveData,plays,allPlays,about,atBatIndex,inning,halfInning,isTopInning,isComplete,hasReview,captivatingIndex,result,eventType,event,description,rbi,awayScore,homeScore,isOut,reviewDetails,isOverturned,reviewType,challengeTeamId,inProgress,playEvents,playId,isPitch,index,count,balls,strikes,outs,details,hitData,launchSpeed,launchAngle,totalDistance,trajectory,hardness,hitCoordinates,coordX,coordY,matchup,batter,fullName,pitcher,batSide,pitchHand,code,runners,movement,start,end,outBase,isOut,originBase,credits,position,player,",138445,3213
824866,2026-09-24,R,CIN,ATL,7,6,7-6,1,79,61,0,0,4,0,0,0,https://statsapi.mlb.com/api/v1/game/824866/linescore,"https://statsapi.mlb.com/api/v1.1/game/824866/feed/live?fields=liveData,plays,allPlays,about,atBatIndex,inning,halfInning,isTopInning,isComplete,hasReview,captivatingIndex,result,eventType,event,description,rbi,awayScore,homeScore,isOut,reviewDetails,isOverturned,reviewType,challengeTeamId,inProgress,playEvents,playId,isPitch,index,count,balls,strikes,outs,details,hitData,launchSpeed,launchAngle,totalDistance,trajectory,hardness,hitCoordinates,coordX,coordY,matchup,batter,fullName,pitcher,batSide,pitchHand,code,runners,movement,start,end,outBase,isOut,originBase,credits,position,player,",163750,3182
824950,2026-09-24,R,HOU,ATH,7,5,7-5,1,78,49,0,0,4,0,0,0,https://statsapi.mlb.com/api/v1/game/824950/linescore,"https://statsapi.mlb.com/api/v1.1/game/824950/feed/live?fields=liveData,plays,allPlays,about,atBatIndex,inning,halfInning,isTopInning,isComplete,hasReview,captivatingIndex,result,eventType,event,description,rbi,awayScore,homeScore,isOut,reviewDetails,isOverturned,reviewType,challengeTeamId,inProgress,playEvents,playId,isPitch,index,count,balls,strikes,outs,details,hitData,launchSpeed,launchAngle,totalDistance,trajectory,hardness,hitCoordinates,coordX,coordY,matchup,batter,fullName,pitcher,batSide,pitchHand,code,runners,movement,start,end,outBase,isOut,originBase,credits,position,player,",156482,3205
822681,2026-09-25,R,NYM,WSH,6,7,6-7,1,78,52,0,0,4,0,0,0,https://statsapi.mlb.com/api/v1/game/822681/linescore,"https://statsapi.mlb.com/api/v1.1/game/822681/feed/live?fields=liveData,plays,allPlays,about,atBatIndex,inning,halfInning,isTopInning,isComplete,hasReview,captivatingIndex,result,eventType,event,description,rbi,awayScore,homeScore,isOut,reviewDetails,isOverturned,reviewType,challengeTeamId,inProgress,playEvents,playId,isPitch,index,count,balls,strikes,outs,details,hitData,launchSpeed,launchAngle,totalDistance,trajectory,hardness,hitCoordinates,coordX,coordY,matchup,batter,fullName,pitcher,batSide,pitchHand,code,runners,movement,start,end,outBase,isOut,originBase,credits,position,player,",170961,3142
822760,2026-09-25,R,CIN,TOR,5,6,5-6,1,79,54,0,2,3,0,0,0,https://statsapi.mlb.com/api/v1/game/822760/linescore,"https://statsapi.mlb.com/api/v1.1/game/822760/feed/live?fields=liveData,plays,allPlays,about,atBatIndex,inning,halfInning,isTopInning,isComplete,hasReview,captivatingIndex,result,eventType,event,description,rbi,awayScore,homeScore,isOut,reviewDetails,isOverturned,reviewType,challengeTeamId,inProgress,playEvents,playId,isPitch,index,count,balls,strikes,outs,details,hitData,launchSpeed,launchAngle,totalDistance,trajectory,hardness,hitCoordinates,coordX,coordY,matchup,batter,fullName,pitcher,batSide,pitchHand,code,runners,movement,start,end,outBase,isOut,originBase,credits,position,player,",171425,3181
823085,2026-09-25,R,LAA,SEA,7,5,7-5,1,79,50,1,0,2,0,0,0,https://statsapi.mlb.com/api/v1/game/823085/linescore,"https://statsapi.mlb.com/api/v1.1/game/823085/feed/live?fields=liveData,plays,allPlays,about,atBatIndex,inning,halfInning,isTopInning,isComplete,hasReview,captivatingIndex,result,eventType,event,description,rbi,awayScore,homeScore,isOut,reviewDetails,isOverturned,reviewType,challengeTeamId,inProgress,playEvents,playId,isPitch,index,count,balls,strikes,outs,details,hitData,launchSpeed,launchAngle,totalDistance,trajectory,hardness,hitCoordinates,coordX,coordY,matchup,batter,fullName,pitcher,batSide,pitchHand,code,runners,movement,start,end,outBase,isOut,originBase,credits,position,player,",163840,3177
823167,2026-09-25,R,LAD,SF,2,0,2-0,1,62,40,1,0,6,0,0,0,https://statsapi.mlb.com/api/v1/game/823167/linescore,"https://statsapi.mlb.com/api/v1.1/game/823167/feed/live?fields=liveData,plays,allPlays,about,atBatIndex,inning,halfInning,isTopInning,isComplete,hasReview,captivatingIndex,result,eventType,event,description,rbi,awayScore,homeScore,isOut,reviewDetails,isOverturned,reviewType,challengeTeamId,inProgress,playEvents,playId,isPitch,index,count,balls,strikes,outs,details,hitData,launchSpeed,launchAngle,totalDistance,trajectory,hardness,hitCoordinates,coordX,coordY,matchup,batter,fullName,pitcher,batSide,pitchHand,code,runners,movement,start,end,outBase,isOut,originBase,credits,position,player,",120668,3218
823248,2026-09-25,R,AZ,SD,11,4,11-4,1,80,56,0,0,6,0,0,0,https://statsapi.mlb.com/api/v1/game/823248/linescore,"https://statsapi.mlb.com/api/v1.1/game/823248/feed/live?fields=liveData,plays,allPlays,about,atBatIndex,inning,halfInning,isTopInning,isComplete,hasReview,captivatingIndex,result,eventType,event,description,rbi,awayScore,homeScore,isOut,reviewDetails,isOverturned,reviewType,challengeTeamId,inProgress,playEvents,playId,isPitch,index,count,balls,strikes,outs,details,hitData,launchSpeed,launchAngle,totalDistance,trajectory,hardness,hitCoordinates,coordX,coordY,matchup,batter,fullName,pitcher,batSide,pitchHand,code,runners,movement,start,end,outBase,isOut,originBase,credits,position,player,",168137,3183
823409,2026-09-25,R,TB,PHI,2,0,2-0,1,68,45,1,0,2,0,0,0,https://statsapi.mlb.com/api/v1/game/823409/linescore,"https://statsapi.mlb.com/api/v1.1/game/823409/feed/live?fields=liveData,plays,allPlays,about,atBatIndex,inning,halfInning,isTopInning,isComplete,hasReview,captivatingIndex,result,eventType,event,description,rbi,awayScore,homeScore,isOut,reviewDetails,isOverturned,reviewType,challengeTeamId,inProgress,playEvents,playId,isPitch,index,count,balls,strikes,outs,details,hitData,launchSpeed,launchAngle,totalDistance,trajectory,hardness,hitCoordinates,coordX,coordY,matchup,batter,fullName,pitcher,batSide,pitchHand,code,runners,movement,start,end,outBase,isOut,originBase,credits,position,player,",138506,3187
823489,2026-09-25,R,BAL,NYY,3,6,3-6,1,79,41,1,0,4,0,0,0,https://statsapi.mlb.com/api/v1/game/823489/linescore,"https://statsapi.mlb.com/api/v1.1/game/823489/feed/live?fields=liveData,plays,allPlays,about,atBatIndex,inning,halfInning,isTopInning,isComplete,hasReview,captivatingIndex,result,eventType,event,description,rbi,awayScore,homeScore,isOut,reviewDetails,isOverturned,reviewType,challengeTeamId,inProgress,playEvents,playId,isPitch,index,count,balls,strikes,outs,details,hitData,launchSpeed,launchAngle,totalDistance,trajectory,hardness,hitCoordinates,coordX,coordY,matchup,batter,fullName,pitcher,batSide,pitchHand,code,runners,movement,start,end,outBase,isOut,originBase,credits,position,player,",168622,3367
823491,2026-09-25,R,BAL,NYY,10,2,10-2,1,84,53,0,0,3,0,0,0,https://statsapi.mlb.com/api/v1/game/823491/linescore,"https://statsapi.mlb.com/api/v1.1/game/823491/feed/live?fields=liveData,plays,allPlays,about,atBatIndex,inning,halfInning,isTopInning,isComplete,hasReview,captivatingIndex,result,eventType,event,description,rbi,awayScore,homeScore,isOut,reviewDetails,isOverturned,reviewType,challengeTeamId,inProgress,playEvents,playId,isPitch,index,count,balls,strikes,outs,details,hitData,launchSpeed,launchAngle,totalDistance,trajectory,hardness,hitCoordinates,coordX,coordY,matchup,batter,fullName,pitcher,batSide,pitchHand,code,runners,movement,start,end,outBase,isOut,originBase,credits,position,player,",170003,3199
823652,2026-09-25,R,TEX,MIN,2,10,2-10,1,74,47,0,0,3,0,0,0,https://statsapi.mlb.com/api/v1/game/823652/linescore,"https://statsapi.mlb.com/api/v1.1/game/823652/feed/live?fields=liveData,plays,allPlays,about,atBatIndex,inning,halfInning,isTopInning,isComplete,hasReview,captivatingIndex,result,eventType,event,description,rbi,awayScore,homeScore,isOut,reviewDetails,isOverturned,reviewType,challengeTeamId,inProgress,playEvents,playId,isPitch,index,count,balls,strikes,outs,details,hitData,launchSpeed,launchAngle,totalDistance,trajectory,hardness,hitCoordinates,coordX,coordY,matchup,batter,fullName,pitcher,batSide,pitchHand,code,runners,movement,start,end,outBase,isOut,originBase,credits,position,player,",157871,3158
823735,2026-09-25,R,STL,MIL,4,8,4-8,1,76,52,0,0,8,0,0,0,https://statsapi.mlb.com/api/v1/game/823735/linescore,"https://statsapi.mlb.com/api/v1.1/game/823735/feed/live?fields=liveData,plays,allPlays,about,atBatIndex,inning,halfInning,isTopInning,isComplete,hasReview,captivatingIndex,result,eventType,event,description,rbi,awayScore,homeScore,isOut,reviewDetails,isOverturned,reviewType,challengeTeamId,inProgress,playEvents,playId,isPitch,index,count,balls,strikes,outs,details,hitData,launchSpeed,launchAngle,totalDistance,trajectory,hardness,hitCoordinates,coordX,coordY,matchup,batter,fullName,pitcher,batSide,pitchHand,code,runners,movement,start,end,outBase,isOut,originBase,credits,position,player,",170740,3174
823816,2026-09-25,R,ATL,MIA,0,3,0-3,1,63,49,1,0,2,0,0,0,https://statsapi.mlb.com/api/v1/game/823816/linescore,"https://statsapi.mlb.com/api/v1.1/game/823816/feed/live?fields=liveData,plays,allPlays,about,atBatIndex,inning,halfInning,isTopInning,isComplete,hasReview,captivatingIndex,result,eventType,event,description,rbi,awayScore,homeScore,isOut,reviewDetails,isOverturned,reviewType,challengeTeamId,inProgress,playEvents,playId,isPitch,index,count,balls,strikes,outs,details,hitData,launchSpeed,launchAngle,totalDistance,trajectory,hardness,hitCoordinates,coordX,coordY,matchup,batter,fullName,pitcher,batSide,pitchHand,code,runners,movement,start,end,outBase,isOut,originBase,credits,position,player,",121930,3164
824058,2026-09-25,R,CLE,KC,12,9,12-9,1,93,66,2,1,4,0,0,0,https://statsapi.mlb.com/api/v1/game/824058/linescore,"https://statsapi.mlb.com/api/v1.1/game/824058/feed/live?fields=liveData,plays,allPlays,about,atBatIndex,inning,halfInning,isTopInning,isComplete,hasReview,captivatingIndex,result,eventType,event,description,rbi,awayScore,homeScore,isOut,reviewDetails,isOverturned,reviewType,challengeTeamId,inProgress,playEvents,playId,isPitch,index,count,balls,strikes,outs,details,hitData,launchSpeed,launchAngle,totalDistance,trajectory,hardness,hitCoordinates,coordX,coordY,matchup,batter,fullName,pitcher,batSide,pitchHand,code,runners,movement,start,end,outBase,isOut,originBase,credits,position,player,",204366,3217
824220,2026-09-25,R,PIT,DET,7,8,7-8,1,81,50,0,1,5,0,0,0,https://statsapi.mlb.com/api/v1/game/824220/linescore,"https://statsapi.mlb.com/api/v1.1/game/824220/feed/live?fields=liveData,plays,allPlays,about,atBatIndex,inning,halfInning,isTopInning,isComplete,hasReview,captivatingIndex,result,eventType,event,description,rbi,awayScore,homeScore,isOut,reviewDetails,isOverturned,reviewType,challengeTeamId,inProgress,playEvents,playId,isPitch,index,count,balls,strikes,outs,details,hitData,launchSpeed,launchAngle,totalDistance,trajectory,hardness,hitCoordinates,coordX,coordY,matchup,batter,fullName,pitcher,batSide,pitchHand,code,runners,movement,start,end,outBase,isOut,originBase,credits,position,player,",177702,3157
824544,2026-09-25,R,COL,CWS,1,6,1-6,1,66,47,0,0,6,0,0,0,https://statsapi.mlb.com/api/v1/game/824544/linescore,"https://statsapi.mlb.com/api/v1.1/game/824544/feed/live?fields=liveData,plays,allPlays,about,atBatIndex,inning,halfInning,isTopInning,isComplete,hasReview,captivatingIndex,result,eventType,event,description,rbi,awayScore,homeScore,isOut,reviewDetails,isOverturned,reviewType,challengeTeamId,inProgress,playEvents,playId,isPitch,index,count,balls,strikes,outs,details,hitData,launchSpeed,launchAngle,totalDistance,trajectory,hardness,hitCoordinates,coordX,coordY,matchup,batter,fullName,pitcher,batSide,pitchHand,code,runners,movement,start,end,outBase,isOut,originBase,credits,position,player,",138686,3210
824703,2026-09-25,R,CHC,BOS,3,4,3-4,1,74,55,0,1,3,0,0,0,https://statsapi.mlb.com/api/v1/game/824703/linescore,"https://statsapi.mlb.com/api/v1.1/game/824703/feed/live?fields=liveData,plays,allPlays,about,atBatIndex,inning,halfInning,isTopInning,isComplete,hasReview,captivatingIndex,result,eventType,event,description,rbi,awayScore,homeScore,isOut,reviewDetails,isOverturned,reviewType,challengeTeamId,inProgress,playEvents,playId,isPitch,index,count,balls,strikes,outs,details,hitData,launchSpeed,launchAngle,totalDistance,trajectory,hardness,hitCoordinates,coordX,coordY,matchup,batter,fullName,pitcher,batSide,pitchHand,code,runners,movement,start,end,outBase,isOut,originBase,credits,position,player,",157516,3158
824706,2026-09-25,R,CHC,BOS,0,2,0-2,1,65,42,0,0,5,0,0,0,https://statsapi.mlb.com/api/v1/game/824706/linescore,"https://statsapi.mlb.com/api/v1.1/game/824706/feed/live?fields=liveData,plays,allPlays,about,atBatIndex,inning,halfInning,isTopInning,isComplete,hasReview,captivatingIndex,result,eventType,event,description,rbi,awayScore,homeScore,isOut,reviewDetails,isOverturned,reviewType,challengeTeamId,inProgress,playEvents,playId,isPitch,index,count,balls,strikes,outs,details,hitData,launchSpeed,launchAngle,totalDistance,trajectory,hardness,hitCoordinates,coordX,coordY,matchup,batter,fullName,pitcher,batSide,pitchHand,code,runners,movement,start,end,outBase,isOut,originBase,credits,position,player,",138063,3173
824947,2026-09-25,R,HOU,ATH,5,6,5-6,1,75,50,1,2,5,0,0,0,https://statsapi.mlb.com/api/v1/game/824947/linescore,"https://statsapi.mlb.com/api/v1.1/game/824947/feed/live?fields=liveData,plays,allPlays,about,atBatIndex,inning,halfInning,isTopInning,isComplete,hasReview,captivatingIndex,result,eventType,event,description,rbi,awayScore,homeScore,isOut,reviewDetails,isOverturned,reviewType,challengeTeamId,inProgress,playEvents,playId,isPitch,index,count,balls,strikes,outs,details,hitData,launchSpeed,launchAngle,totalDistance,trajectory,hardness,hitCoordinates,coordX,coordY,matchup,batter,fullName,pitcher,batSide,pitchHand,code,runners,movement,start,end,outBase,isOut,originBase,credits,position,player,",167531,3149
822678,2026-09-26,R,NYM,WSH,7,1,7-1,1,74,45,2,0,3,0,0,0,https://statsapi.mlb.com/api/v1/game/822678/linescore,"https://statsapi.mlb.com/api/v1.1/game/822678/feed/live?fields=liveData,plays,allPlays,about,atBatIndex,inning,halfInning,isTopInning,isComplete,hasReview,captivatingIndex,result,eventType,event,description,rbi,awayScore,homeScore,isOut,reviewDetails,isOverturned,reviewType,challengeTeamId,inProgress,playEvents,playId,isPitch,index,count,balls,strikes,outs,details,hitData,launchSpeed,launchAngle,totalDistance,trajectory,hardness,hitCoordinates,coordX,coordY,matchup,batter,fullName,pitcher,batSide,pitchHand,code,runners,movement,start,end,outBase,isOut,originBase,credits,position,player,",155778,3179
822759,2026-09-26,R,CIN,TOR,5,1,5-1,1,74,47,1,1,4,0,0,0,https://statsapi.mlb.com/api/v1/game/822759/linescore,"https://statsapi.mlb.com/api/v1.1/game/822759/feed/live?fields=liveData,plays,allPlays,about,atBatIndex,inning,halfInning,isTopInning,isComplete,hasReview,captivatingIndex,result,eventType,event,description,rbi,awayScore,homeScore,isOut,reviewDetails,isOverturned,reviewType,challengeTeamId,inProgress,playEvents,playId,isPitch,index,count,balls,strikes,outs,details,hitData,launchSpeed,launchAngle,totalDistance,trajectory,hardness,hitCoordinates,coordX,coordY,matchup,batter,fullName,pitcher,batSide,pitchHand,code,runners,movement,start,end,outBase,isOut,originBase,credits,position,player,",146913,3187
823083,2026-09-26,R,LAA,SEA,4,8,4-8,1,84,57,0,2,5,0,0,0,https://statsapi.mlb.com/api/v1/game/823083/linescore,"https://statsapi.mlb.com/api/v1.1/game/823083/feed/live?fields=liveData,plays,allPlays,about,atBatIndex,inning,halfInning,isTopInning,isComplete,hasReview,captivatingIndex,result,eventType,event,description,rbi,awayScore,homeScore,isOut,reviewDetails,isOverturned,reviewType,challengeTeamId,inProgress,playEvents,playId,isPitch,index,count,balls,strikes,outs,details,hitData,launchSpeed,launchAngle,totalDistance,trajectory,hardness,hitCoordinates,coordX,coordY,matchup,batter,fullName,pitcher,batSide,pitchHand,code,runners,movement,start,end,outBase,isOut,originBase,credits,position,player,",179570,3167
823165,2026-09-26,R,LAD,SF,4,3,4-3,1,75,50,0,0,5,0,0,0,https://statsapi.mlb.com/api/v1/game/823165/linescore,"https://statsapi.mlb.com/api/v1.1/game/823165/feed/live?fields=liveData,plays,allPlays,about,atBatIndex,inning,halfInning,isTopInning,isComplete,hasReview,captivatingIndex,result,eventType,event,description,rbi,awayScore,homeScore,isOut,reviewDetails,isOverturned,reviewType,challengeTeamId,inProgress,playEvents,playId,isPitch,index,count,balls,strikes,outs,details,hitData,launchSpeed,launchAngle,totalDistance,trajectory,hardness,hitCoordinates,coordX,coordY,matchup,batter,fullName,pitcher,batSide,pitchHand,code,runners,movement,start,end,outBase,isOut,originBase,credits,position,player,",159437,3286
823245,2026-09-26,R,AZ,SD,7,10,7-10,1,85,55,0,0,5,0,0,0,https://statsapi.mlb.com/api/v1/game/823245/linescore,"https://statsapi.mlb.com/api/v1.1/game/823245/feed/live?fields=liveData,plays,allPlays,about,atBatIndex,inning,halfInning,isTopInning,isComplete,hasReview,captivatingIndex,result,eventType,event,description,rbi,awayScore,homeScore,isOut,reviewDetails,isOverturned,reviewType,challengeTeamId,inProgress,playEvents,playId,isPitch,index,count,balls,strikes,outs,details,hitData,launchSpeed,launchAngle,totalDistance,trajectory,hardness,hitCoordinates,coordX,coordY,matchup,batter,fullName,pitcher,batSide,pitchHand,code,runners,movement,start,end,outBase,isOut,originBase,credits,position,player,",186905,3178
823407,2026-09-26,R,TB,PHI,12,1,12-1,1,88,61,2,0,7,0,0,0,https://statsapi.mlb.com/api/v1/game/823407/linescore,"https://statsapi.mlb.com/api/v1.1/game/823407/feed/live?fields=liveData,plays,allPlays,about,atBatIndex,inning,halfInning,isTopInning,isComplete,hasReview,captivatingIndex,result,eventType,event,description,rbi,awayScore,homeScore,isOut,reviewDetails,isOverturned,reviewType,challengeTeamId,inProgress,playEvents,playId,isPitch,index,count,balls,strikes,outs,details,hitData,launchSpeed,launchAngle,totalDistance,trajectory,hardness,hitCoordinates,coordX,coordY,matchup,batter,fullName,pitcher,batSide,pitchHand,code,runners,movement,start,end,outBase,isOut,originBase,credits,position,player,",193044,3182
823653,2026-09-26,R,TEX,MIN,6,2,6-2,1,76,53,0,1,10,0,0,0,https://statsapi.mlb.com/api/v1/game/823653/linescore,"https://statsapi.mlb.com/api/v1.1/game/823653/feed/live?fields=liveData,plays,allPlays,about,atBatIndex,inning,halfInning,isTopInning,isComplete,hasReview,captivatingIndex,result,eventType,event,description,rbi,awayScore,homeScore,isOut,reviewDetails,isOverturned,reviewType,challengeTeamId,inProgress,playEvents,playId,isPitch,index,count,balls,strikes,outs,details,hitData,launchSpeed,launchAngle,totalDistance,trajectory,hardness,hitCoordinates,coordX,coordY,matchup,batter,fullName,pitcher,batSide,pitchHand,code,runners,movement,start,end,outBase,isOut,originBase,credits,position,player,",160593,3181
823733,2026-09-26,R,STL,MIL,2,3,2-3,1,68,35,0,0,5,0,0,0,https://statsapi.mlb.com/api/v1/game/823733/linescore,"https://statsapi.mlb.com/api/v1.1/game/823733/feed/live?fields=liveData,plays,allPlays,about,atBatIndex,inning,halfInning,isTopInning,isComplete,hasReview,captivatingIndex,result,eventType,event,description,rbi,awayScore,homeScore,isOut,reviewDetails,isOverturned,reviewType,challengeTeamId,inProgress,playEvents,playId,isPitch,index,count,balls,strikes,outs,details,hitData,launchSpeed,launchAngle,totalDistance,trajectory,hardness,hitCoordinates,coordX,coordY,matchup,batter,fullName,pitcher,batSide,pitchHand,code,runners,movement,start,end,outBase,isOut,originBase,credits,position,player,",144046,3168
823813,2026-09-26,R,ATL,MIA,8,3,8-3,1,78,56,0,1,7,0,0,0,https://statsapi.mlb.com/api/v1/game/823813/linescore,"https://statsapi.mlb.com/api/v1.1/game/823813/feed/live?fields=liveData,plays,allPlays,about,atBatIndex,inning,halfInning,isTopInning,isComplete,hasReview,captivatingIndex,result,eventType,event,description,rbi,awayScore,homeScore,isOut,reviewDetails,isOverturned,reviewType,challengeTeamId,inProgress,playEvents,playId,isPitch,index,count,balls,strikes,outs,details,hitData,launchSpeed,launchAngle,totalDistance,trajectory,hardness,hitCoordinates,coordX,coordY,matchup,batter,fullName,pitcher,batSide,pitchHand,code,runners,movement,start,end,outBase,isOut,originBase,credits,position,player,",159056,3196
824057,2026-09-26,R,CLE,KC,11,5,11-5,1,81,64,1,0,3,0,0,0,https://statsapi.mlb.com/api/v1/game/824057/linescore,"https://statsapi.mlb.com/api/v1.1/game/824057/feed/live?fields=liveData,plays,allPlays,about,atBatIndex,inning,halfInning,isTopInning,isComplete,hasReview,captivatingIndex,result,eventType,event,description,rbi,awayScore,homeScore,isOut,reviewDetails,isOverturned,reviewType,challengeTeamId,inProgress,playEvents,playId,isPitch,index,count,balls,strikes,outs,details,hitData,launchSpeed,launchAngle,totalDistance,trajectory,hardness,hitCoordinates,coordX,coordY,matchup,batter,fullName,pitcher,batSide,pitchHand,code,runners,movement,start,end,outBase,isOut,originBase,credits,position,player,",168893,3228
824219,2026-09-26,R,PIT,DET,3,4,3-4,1,75,49,0,1,5,0,0,0,https://statsapi.mlb.com/api/v1/game/824219/linescore,"https://statsapi.mlb.com/api/v1.1/game/824219/feed/live?fields=liveData,plays,allPlays,about,atBatIndex,inning,halfInning,isTopInning,isComplete,hasReview,captivatingIndex,result,eventType,event,description,rbi,awayScore,homeScore,isOut,reviewDetails,isOverturned,reviewType,challengeTeamId,inProgress,playEvents,playId,isPitch,index,count,balls,strikes,outs,details,hitData,launchSpeed,launchAngle,totalDistance,trajectory,hardness,hitCoordinates,coordX,coordY,matchup,batter,fullName,pitcher,batSide,pitchHand,code,runners,movement,start,end,outBase,isOut,originBase,credits,position,player,",160323,3228
824543,2026-09-26,R,COL,CWS,9,6,9-6,1,81,57,1,1,4,0,0,0,https://statsapi.mlb.com/api/v1/game/824543/linescore,"https://statsapi.mlb.com/api/v1.1/game/824543/feed/live?fields=liveData,plays,allPlays,about,atBatIndex,inning,halfInning,isTopInning,isComplete,hasReview,captivatingIndex,result,eventType,event,description,rbi,awayScore,homeScore,isOut,reviewDetails,isOverturned,reviewType,challengeTeamId,inProgress,playEvents,playId,isPitch,index,count,balls,strikes,outs,details,hitData,launchSpeed,launchAngle,totalDistance,trajectory,hardness,hitCoordinates,coordX,coordY,matchup,batter,fullName,pitcher,batSide,pitchHand,code,runners,movement,start,end,outBase,isOut,originBase,credits,position,player,",171253,3172
824949,2026-09-26,R,HOU,ATH,13,2,13-2,1,80,53,0,1,6,0,0,0,https://statsapi.mlb.com/api/v1/game/824949/linescore,"https://statsapi.mlb.com/api/v1.1/game/824949/feed/live?fields=liveData,plays,allPlays,about,atBatIndex,inning,halfInning,isTopInning,isComplete,hasReview,captivatingIndex,result,eventType,event,description,rbi,awayScore,homeScore,isOut,reviewDetails,isOverturned,reviewType,challengeTeamId,inProgress,playEvents,playId,isPitch,index,count,balls,strikes,outs,details,hitData,launchSpeed,launchAngle,totalDistance,trajectory,hardness,hitCoordinates,coordX,coordY,matchup,batter,fullName,pitcher,batSide,pitchHand,code,runners,movement,start,end,outBase,isOut,originBase,credits,position,player,",167726,3154
822679,2026-09-27,R,NYM,WSH,4,6,4-6,1,77,55,1,0,4,0,0,0,https://statsapi.mlb.com/api/v1/game/822679/linescore,"https://statsapi.mlb.com/api/v1.1/game/822679/feed/live?fields=liveData,plays,allPlays,about,atBatIndex,inning,halfInning,isTopInning,isComplete,hasReview,captivatingIndex,result,eventType,event,description,rbi,awayScore,homeScore,isOut,reviewDetails,isOverturned,reviewType,challengeTeamId,inProgress,playEvents,playId,isPitch,index,count,balls,strikes,outs,details,hitData,launchSpeed,launchAngle,totalDistance,trajectory,hardness,hitCoordinates,coordX,coordY,matchup,batter,fullName,pitcher,batSide,pitchHand,code,runners,movement,start,end,outBase,isOut,originBase,credits,position,player,",157633,3149
822761,2026-09-27,R,CIN,TOR,1,5,1-5,1,65,44,0,0,6,0,0,0,https://statsapi.mlb.com/api/v1/game/822761/linescore,"https://statsapi.mlb.com/api/v1.1/game/822761/feed/live?fields=liveData,plays,allPlays,about,atBatIndex,inning,halfInning,isTopInning,isComplete,hasReview,captivatingIndex,result,eventType,event,description,rbi,awayScore,homeScore,isOut,reviewDetails,isOverturned,reviewType,challengeTeamId,inProgress,playEvents,playId,isPitch,index,count,balls,strikes,outs,details,hitData,launchSpeed,launchAngle,totalDistance,trajectory,hardness,hitCoordinates,coordX,coordY,matchup,batter,fullName,pitcher,batSide,pitchHand,code,runners,movement,start,end,outBase,isOut,originBase,credits,position,player,",138688,3181
823084,2026-09-27,R,LAA,SEA,3,7,3-7,1,78,49,1,0,5,0,0,0,https://statsapi.mlb.com/api/v1/game/823084/linescore,"https://statsapi.mlb.com/api/v1.1/game/823084/feed/live?fields=liveData,plays,allPlays,about,atBatIndex,inning,halfInning,isTopInning,isComplete,hasReview,captivatingIndex,result,eventType,event,description,rbi,awayScore,homeScore,isOut,reviewDetails,isOverturned,reviewType,challengeTeamId,inProgress,playEvents,playId,isPitch,index,count,balls,strikes,outs,details,hitData,launchSpeed,launchAngle,totalDistance,trajectory,hardness,hitCoordinates,coordX,coordY,matchup,batter,fullName,pitcher,batSide,pitchHand,code,runners,movement,start,end,outBase,isOut,originBase,credits,position,player,",168686,3157
823164,2026-09-27,R,LAD,SF,5,1,5-1,1,80,49,1,0,5,0,0,0,https://statsapi.mlb.com/api/v1/game/823164/linescore,"https://statsapi.mlb.com/api/v1.1/game/823164/feed/live?fields=liveData,plays,allPlays,about,atBatIndex,inning,halfInning,isTopInning,isComplete,hasReview,captivatingIndex,result,eventType,event,description,rbi,awayScore,homeScore,isOut,reviewDetails,isOverturned,reviewType,challengeTeamId,inProgress,playEvents,playId,isPitch,index,count,balls,strikes,outs,details,hitData,launchSpeed,launchAngle,totalDistance,trajectory,hardness,hitCoordinates,coordX,coordY,matchup,batter,fullName,pitcher,batSide,pitchHand,code,runners,movement,start,end,outBase,isOut,originBase,credits,position,player,",165147,3316
823246,2026-09-27,R,AZ,SD,4,9,4-9,1,77,56,0,0,3,0,0,0,https://statsapi.mlb.com/api/v1/game/823246/linescore,"https://statsapi.mlb.com/api/v1.1/game/823246/feed/live?fields=liveData,plays,allPlays,about,atBatIndex,inning,halfInning,isTopInning,isComplete,hasReview,captivatingIndex,result,eventType,event,description,rbi,awayScore,homeScore,isOut,reviewDetails,isOverturned,reviewType,challengeTeamId,inProgress,playEvents,playId,isPitch,index,count,balls,strikes,outs,details,hitData,launchSpeed,launchAngle,totalDistance,trajectory,hardness,hitCoordinates,coordX,coordY,matchup,batter,fullName,pitcher,batSide,pitchHand,code,runners,movement,start,end,outBase,isOut,originBase,credits,position,player,",168245,3165
823408,2026-09-27,R,TB,PHI,3,7,3-7,1,74,57,0,0,7,0,0,0,https://statsapi.mlb.com/api/v1/game/823408/linescore,"https://statsapi.mlb.com/api/v1.1/game/823408/feed/live?fields=liveData,plays,allPlays,about,atBatIndex,inning,halfInning,isTopInning,isComplete,hasReview,captivatingIndex,result,eventType,event,description,rbi,awayScore,homeScore,isOut,reviewDetails,isOverturned,reviewType,challengeTeamId,inProgress,playEvents,playId,isPitch,index,count,balls,strikes,outs,details,hitData,launchSpeed,launchAngle,totalDistance,trajectory,hardness,hitCoordinates,coordX,coordY,matchup,batter,fullName,pitcher,batSide,pitchHand,code,runners,movement,start,end,outBase,isOut,originBase,credits,position,player,",152442,3155
823650,2026-09-27,R,TEX,MIN,4,6,4-6,1,71,53,0,0,7,0,0,0,https://statsapi.mlb.com/api/v1/game/823650/linescore,"https://statsapi.mlb.com/api/v1.1/game/823650/feed/live?fields=liveData,plays,allPlays,about,atBatIndex,inning,halfInning,isTopInning,isComplete,hasReview,captivatingIndex,result,eventType,event,description,rbi,awayScore,homeScore,isOut,reviewDetails,isOverturned,reviewType,challengeTeamId,inProgress,playEvents,playId,isPitch,index,count,balls,strikes,outs,details,hitData,launchSpeed,launchAngle,totalDistance,trajectory,hardness,hitCoordinates,coordX,coordY,matchup,batter,fullName,pitcher,batSide,pitchHand,code,runners,movement,start,end,outBase,isOut,originBase,credits,position,player,",141441,3155
823731,2026-09-27,R,STL,MIL,4,6,4-6,1,69,49,0,0,3,0,0,0,https://statsapi.mlb.com/api/v1/game/823731/linescore,"https://statsapi.mlb.com/api/v1.1/game/823731/feed/live?fields=liveData,plays,allPlays,about,atBatIndex,inning,halfInning,isTopInning,isComplete,hasReview,captivatingIndex,result,eventType,event,description,rbi,awayScore,homeScore,isOut,reviewDetails,isOverturned,reviewType,challengeTeamId,inProgress,playEvents,playId,isPitch,index,count,balls,strikes,outs,details,hitData,launchSpeed,launchAngle,totalDistance,trajectory,hardness,hitCoordinates,coordX,coordY,matchup,batter,fullName,pitcher,batSide,pitchHand,code,runners,movement,start,end,outBase,isOut,originBase,credits,position,player,",142720,3173
823814,2026-09-27,R,ATL,MIA,3,5,3-5,1,70,49,1,0,3,0,0,0,https://statsapi.mlb.com/api/v1/game/823814/linescore,"https://statsapi.mlb.com/api/v1.1/game/823814/feed/live?fields=liveData,plays,allPlays,about,atBatIndex,inning,halfInning,isTopInning,isComplete,hasReview,captivatingIndex,result,eventType,event,description,rbi,awayScore,homeScore,isOut,reviewDetails,isOverturned,reviewType,challengeTeamId,inProgress,playEvents,playId,isPitch,index,count,balls,strikes,outs,details,hitData,launchSpeed,launchAngle,totalDistance,trajectory,hardness,hitCoordinates,coordX,coordY,matchup,batter,fullName,pitcher,batSide,pitchHand,code,runners,movement,start,end,outBase,isOut,originBase,credits,position,player,",140136,3193
824055,2026-09-27,R,CLE,KC,2,3,2-3,1,72,55,1,0,2,0,0,0,https://statsapi.mlb.com/api/v1/game/824055/linescore,"https://statsapi.mlb.com/api/v1.1/game/824055/feed/live?fields=liveData,plays,allPlays,about,atBatIndex,inning,halfInning,isTopInning,isComplete,hasReview,captivatingIndex,result,eventType,event,description,rbi,awayScore,homeScore,isOut,reviewDetails,isOverturned,reviewType,challengeTeamId,inProgress,playEvents,playId,isPitch,index,count,balls,strikes,outs,details,hitData,launchSpeed,launchAngle,totalDistance,trajectory,hardness,hitCoordinates,coordX,coordY,matchup,batter,fullName,pitcher,batSide,pitchHand,code,runners,movement,start,end,outBase,isOut,originBase,credits,position,player,",141245,3292
824217,2026-09-27,R,PIT,DET,4,2,4-2,1,68,40,0,0,7,0,0,0,https://statsapi.mlb.com/api/v1/game/824217/linescore,"https://statsapi.mlb.com/api/v1.1/game/824217/feed/live?fields=liveData,plays,allPlays,about,atBatIndex,inning,halfInning,isTopInning,isComplete,hasReview,captivatingIndex,result,eventType,event,description,rbi,awayScore,homeScore,isOut,reviewDetails,isOverturned,reviewType,challengeTeamId,inProgress,playEvents,playId,isPitch,index,count,balls,strikes,outs,details,hitData,launchSpeed,launchAngle,totalDistance,trajectory,hardness,hitCoordinates,coordX,coordY,matchup,batter,fullName,pitcher,batSide,pitchHand,code,runners,movement,start,end,outBase,isOut,originBase,credits,position,player,",136775,3183
824542,2026-09-27,R,COL,CWS,2,4,2-4,1,69,49,1,1,1,0,0,0,https://statsapi.mlb.com/api/v1/game/824542/linescore,"https://statsapi.mlb.com/api/v1.1/game/824542/feed/live?fields=liveData,plays,allPlays,about,atBatIndex,inning,halfInning,isTopInning,isComplete,hasReview,captivatingIndex,result,eventType,event,description,rbi,awayScore,homeScore,isOut,reviewDetails,isOverturned,reviewType,challengeTeamId,inProgress,playEvents,playId,isPitch,index,count,balls,strikes,outs,details,hitData,launchSpeed,launchAngle,totalDistance,trajectory,hardness,hitCoordinates,coordX,coordY,matchup,batter,fullName,pitcher,batSide,pitchHand,code,runners,movement,start,end,outBase,isOut,originBase,credits,position,player,",140866,3179
824705,2026-09-27,R,CHC,BOS,6,2,6-2,1,77,55,1,0,4,0,0,0,https://statsapi.mlb.com/api/v1/game/824705/linescore,"https://statsapi.mlb.com/api/v1.1/game/824705/feed/live?fields=liveData,plays,allPlays,about,atBatIndex,inning,halfInning,isTopInning,isComplete,hasReview,captivatingIndex,result,eventType,event,description,rbi,awayScore,homeScore,isOut,reviewDetails,isOverturned,reviewType,challengeTeamId,inProgress,playEvents,playId,isPitch,index,count,balls,strikes,outs,details,hitData,launchSpeed,launchAngle,totalDistance,trajectory,hardness,hitCoordinates,coordX,coordY,matchup,batter,fullName,pitcher,batSide,pitchHand,code,runners,movement,start,end,outBase,isOut,originBase,credits,position,player,",163907,3173
824948,2026-09-27,R,HOU,ATH,9,0,9-0,1,82,54,0,0,3,0,0,0,https://statsapi.mlb.com/api/v1/game/824948/linescore,"https://statsapi.mlb.com/api/v1.1/game/824948/feed/live?fields=liveData,plays,allPlays,about,atBatIndex,inning,halfInning,isTopInning,isComplete,hasReview,captivatingIndex,result,eventType,event,description,rbi,awayScore,homeScore,isOut,reviewDetails,isOverturned,reviewType,challengeTeamId,inProgress,playEvents,playId,isPitch,index,count,balls,strikes,outs,details,hitData,launchSpeed,launchAngle,totalDistance,trajectory,hardness,hitCoordinates,coordX,coordY,matchup,batter,fullName,pitcher,batSide,pitchHand,code,runners,movement,start,end,outBase,isOut,originBase,credits,position,player,",180831,3157
