game_pk,play_index,event_type,macro_class,rbi,away_score,home_score,launch_speed,launch_angle,distance,trajectory,hardness,numeric_ok,review_overturned,review_type
822722,0,single,hit,0,0,0,60.7,-50.0,3.0,ground_ball,soft,1,,
822722,1,field_out,out,0,0,0,101.3,23.0,357.0,fly_ball,hard,1,,
822722,2,double,hit,0,1,0,100.7,18.0,327.0,line_drive,hard,1,,
822722,3,field_out,out,0,1,0,88.2,-12.0,13.0,ground_ball,medium,1,,
822722,4,field_out,out,0,1,0,76.9,53.0,211.0,fly_ball,medium,1,,
822722,5,home_run,hit,1,1,1,109.4,35.0,413.0,fly_ball,medium,1,,
822722,6,single,hit,0,1,1,98.2,-9.0,11.0,ground_ball,medium,1,,
822722,7,grounded_into_double_play,out,0,1,1,72.4,-19.0,5.0,ground_ball,medium,1,,
822722,8,field_out,out,0,1,1,81.7,74.0,76.0,popup,medium,1,,
822722,9,field_out,out,0,1,1,96.6,37.0,361.0,fly_ball,medium,1,,
822722,12,field_out,out,0,1,1,80.0,-12.0,11.0,ground_ball,medium,1,,
822722,13,field_out,out,0,1,1,87.1,31.0,312.0,fly_ball,medium,1,,
822722,15,single,hit,0,1,1,81.2,7.0,106.0,ground_ball,medium,1,,
822722,16,field_out,out,0,1,1,94.0,34.0,354.0,fly_ball,medium,1,,
822722,17,field_out,out,0,1,1,96.8,16.0,279.0,line_drive,medium,1,,
822722,18,field_out,out,0,1,1,81.8,-13.0,9.0,ground_ball,medium,1,,
822722,20,double,hit,0,1,1,100.8,26.0,383.0,fly_ball,hard,1,,
822722,21,field_out,out,0,1,1,92.7,19.0,316.0,line_drive,medium,1,,
822722,22,field_out,out,0,1,1,91.1,-12.0,10.0,ground_ball,medium,1,,
822722,23,field_out,out,0,1,1,86.7,-5.0,20.0,ground_ball,medium,1,,
822722,24,field_out,out,0,1,1,109.9,3.0,73.0,ground_ball,medium,1,,
822722,25,single,hit,0,1,1,71.7,-16.0,7.0,ground_ball,medium,1,,
822722,26,field_out,out,0,1,1,86.0,-14.0,8.0,ground_ball,medium,1,,
822722,27,double,hit,0,1,1,104.4,19.0,346.0,line_drive,hard,1,,
822722,28,single,hit,0,1,1,108.7,8.0,219.0,line_drive,hard,1,,
822722,29,single,hit,1,1,2,72.3,-11.0,13.0,ground_ball,medium,1,,
822722,30,double,hit,1,1,3,103.3,11.0,186.0,line_drive,hard,1,,
822722,31,single,hit,2,1,5,97.3,-1.0,38.0,ground_ball,medium,1,,
822722,32,fielders_choice,fielders_choice,1,1,6,80.4,-37.0,3.0,ground_ball,medium,1,,
822722,33,field_out,out,0,1,6,89.3,34.0,295.0,fly_ball,medium,1,,
822722,34,single,hit,0,1,6,100.2,14.0,239.0,line_drive,hard,1,,
822722,35,force_out,out,0,1,6,83.4,-9.0,12.0,ground_ball,medium,1,,
822722,36,field_out,out,0,1,6,87.0,32.0,304.0,fly_ball,medium,1,,
822722,37,field_out,out,0,1,6,80.6,4.0,79.0,ground_ball,medium,1,,
822722,38,field_out,out,0,1,6,47.6,14.0,65.0,ground_ball,medium,1,,
822722,41,single,hit,0,1,6,102.6,9.0,207.0,line_drive,hard,1,,
822722,42,field_out,out,0,1,6,92.5,32.0,311.0,fly_ball,medium,1,,
822722,43,field_out,out,0,1,6,89.4,-18.0,5.0,ground_ball,medium,1,,
822722,44,field_out,out,0,1,6,84.3,65.0,152.0,popup,medium,1,,
822722,45,field_out,out,0,1,6,100.5,18.0,359.0,line_drive,hard,1,,
822722,46,field_out,out,0,1,6,93.3,1.0,52.0,ground_ball,medium,1,,
822722,47,single,hit,0,1,6,84.5,11.0,149.0,line_drive,medium,1,,
822722,51,field_out,out,0,1,6,84.9,6.0,100.0,ground_ball,medium,1,,
822722,52,single,hit,0,1,6,93.2,13.0,207.0,line_drive,medium,1,,
822722,53,grounded_into_double_play,out,0,1,6,89.5,-10.0,13.0,ground_ball,medium,1,,
822722,54,field_out,out,0,1,6,85.8,-25.0,8.0,ground_ball,medium,1,,
822722,55,field_out,out,0,1,6,99.8,-3.0,36.0,ground_ball,medium,1,,
822722,56,home_run,hit,1,1,7,100.9,32.0,406.0,fly_ball,medium,1,,
822722,59,field_out,out,0,1,7,83.7,24.0,280.0,line_drive,medium,1,,
822722,60,field_out,out,0,1,7,86.8,48.0,267.0,fly_ball,medium,1,,
822722,61,field_out,out,0,1,7,93.9,-16.0,9.0,ground_ball,medium,1,False,MJ
822722,63,double,hit,1,1,8,78.2,25.0,240.0,line_drive,medium,1,,
822722,64,double,hit,1,1,9,104.1,18.0,373.0,line_drive,hard,1,,
822722,66,field_out,out,1,1,10,101.3,-12.0,10.0,ground_ball,medium,1,,
822722,67,field_out,out,0,1,10,93.3,33.0,335.0,line_drive,medium,1,,
822722,69,field_out,out,0,1,10,100.3,38.0,362.0,fly_ball,hard,1,,
822794,4,single,hit,1,1,0,75.2,46.0,236.0,fly_ball,medium,1,,
822794,6,field_out,out,0,1,0,94.7,15.0,308.0,line_drive,medium,1,,
822794,9,field_out,out,0,1,0,94.2,29.0,342.0,fly_ball,medium,1,,
822794,12,single,hit,0,1,0,94.1,15.0,268.0,line_drive,medium,1,,
822794,14,field_out,out,0,1,0,55.3,-38.0,6.0,ground_ball,medium,1,,
822794,15,field_out,out,0,1,0,59.4,-19.0,7.0,ground_ball,medium,1,,
822794,16,field_out,out,0,1,0,80.9,68.0,121.0,popup,medium,1,True,MJ
822794,17,single,hit,0,1,0,84.8,21.0,257.0,line_drive,medium,1,,
822794,18,field_out,out,0,1,0,86.3,53.0,244.0,fly_ball,medium,1,,
822794,21,field_out,out,0,1,0,64.4,-17.0,12.0,ground_ball,medium,1,,
822794,22,field_out,out,0,1,0,85.2,59.0,203.0,fly_ball,medium,1,,
822794,23,single,hit,0,1,0,88.0,5.0,77.0,ground_ball,medium,1,,
822794,24,field_out,out,0,1,0,101.7,-7.0,18.0,ground_ball,hard,1,,
822794,25,field_out,out,0,1,0,79.6,72.0,86.0,popup,medium,1,,
822794,28,field_out,out,0,1,0,94.7,39.0,320.0,fly_ball,medium,1,,
822794,36,single,hit,0,1,0,99.2,9.0,148.0,line_drive,medium,1,,
822794,37,single,hit,1,2,0,107.7,3.0,91.0,ground_ball,hard,1,,
822794,39,single,hit,2,4,0,82.8,14.0,205.0,line_drive,medium,1,,
822794,40,double,hit,2,6,0,94.4,32.0,327.0,fly_ball,medium,1,,
822794,41,field_out,out,0,6,0,90.4,25.0,329.0,line_drive,medium,1,,
822794,42,double,hit,0,6,0,94.2,29.0,336.0,fly_ball,medium,1,,
822794,43,home_run,hit,2,6,2,104.7,30.0,415.0,fly_ball,medium,1,,
822794,44,single,hit,0,6,2,35.0,-11.0,15.0,bunt_grounder,medium,1,,
822794,45,force_out,out,0,6,2,96.6,5.0,115.0,ground_ball,medium,1,,
822794,46,fielders_choice,fielders_choice,0,6,2,99.3,1.0,58.0,ground_ball,medium,1,,
822794,49,field_out,out,0,6,2,96.0,-7.0,25.0,ground_ball,medium,1,True,MJ
822794,50,field_out,out,0,6,2,80.1,-10.0,16.0,ground_ball,medium,1,,
822794,51,home_run,hit,1,7,2,98.5,29.0,391.0,fly_ball,medium,1,,
822794,52,field_out,out,0,7,2,104.3,23.0,401.0,fly_ball,hard,1,,
822794,53,home_run,hit,1,7,3,103.7,26.0,409.0,fly_ball,medium,1,,
822794,54,single,hit,0,7,3,97.1,1.0,54.0,ground_ball,medium,1,,
822794,55,single,hit,0,7,3,80.9,18.0,243.0,line_drive,medium,1,True,MJ
822794,56,grounded_into_double_play,out,0,7,3,105.6,-4.0,30.0,ground_ball,medium,1,,
822794,57,single,hit,1,7,4,89.9,10.0,150.0,line_drive,medium,1,,
822794,58,single,hit,0,7,4,86.9,20.0,242.0,line_drive,medium,1,,
822794,59,field_out,out,0,7,4,100.0,-6.0,17.0,ground_ball,hard,1,,
822794,60,single,hit,0,7,4,81.6,17.0,192.0,line_drive,medium,1,,
822794,61,field_out,out,0,7,4,98.1,27.0,359.0,fly_ball,medium,1,,
822794,62,single,hit,0,7,4,84.6,29.0,268.0,fly_ball,medium,1,,
822794,68,field_out,out,0,7,4,100.9,19.0,343.0,line_drive,hard,1,,
822794,69,double,hit,0,7,4,99.5,24.0,380.0,fly_ball,medium,1,,
822794,71,field_out,out,0,7,4,86.9,-38.0,5.0,ground_ball,medium,1,,
822794,72,field_out,out,0,7,4,98.7,54.0,255.0,fly_ball,medium,1,,
822794,73,field_out,out,0,7,4,75.5,-7.0,23.0,ground_ball,medium,1,,
822794,75,field_out,out,0,7,4,90.4,38.0,340.0,fly_ball,medium,1,,
822794,76,single,hit,0,7,4,100.7,0.0,56.0,ground_ball,hard,1,,
822794,77,field_out,out,0,7,4,56.8,-58.0,3.0,ground_ball,soft,1,False,MV
822794,78,field_out,out,0,7,4,35.4,-50.0,3.0,ground_ball,soft,1,,
822794,79,field_out,out,0,7,4,65.9,-13.0,12.0,ground_ball,medium,1,,
822794,80,field_out,out,0,7,4,87.3,26.0,328.0,line_drive,medium,1,,
822794,81,field_out,out,0,7,4,103.5,-11.0,12.0,ground_ball,hard,1,,
822801,0,single,hit,0,0,0,85.6,23.0,258.0,line_drive,medium,1,,
822801,1,single,hit,0,0,0,87.0,15.0,215.0,line_drive,medium,1,,
822801,3,field_out,out,0,0,0,93.3,25.0,335.0,line_drive,medium,1,,
822801,4,field_out,out,0,0,0,90.2,35.0,335.0,fly_ball,medium,1,,
822801,5,single,hit,0,0,0,79.3,20.0,233.0,line_drive,medium,1,,
822801,6,grounded_into_double_play,out,0,0,0,74.5,-0.0,40.0,ground_ball,medium,1,,
822801,8,field_out,out,0,0,0,96.4,-4.0,27.0,ground_ball,medium,1,,
822801,9,field_out,out,0,0,0,101.9,-10.0,17.0,ground_ball,hard,1,,
822801,10,double,hit,0,0,0,104.7,20.0,354.0,line_drive,hard,1,,
822801,11,single,hit,1,1,0,96.5,11.0,206.0,line_drive,medium,1,,
822801,12,double,hit,1,2,0,106.6,14.0,279.0,line_drive,hard,1,,
822801,13,single,hit,0,2,0,93.1,-8.0,18.0,ground_ball,medium,1,,
822801,15,field_out,out,0,2,0,83.8,32.0,312.0,fly_ball,medium,1,,
822801,16,double,hit,0,2,0,94.8,11.0,156.0,line_drive,medium,1,,
822801,18,field_out,out,0,2,0,85.0,51.0,245.0,fly_ball,medium,1,,
822801,20,field_out,out,0,2,0,91.2,53.0,235.0,fly_ball,medium,1,,
822801,21,force_out,out,0,2,0,97.8,-12.0,16.0,ground_ball,medium,1,,
822801,22,field_out,out,0,2,0,91.6,-7.0,16.0,ground_ball,medium,1,,
822801,23,field_out,out,0,2,0,93.7,24.0,339.0,line_drive,medium,1,,
822801,25,single,hit,0,2,0,90.6,-25.0,4.0,ground_ball,medium,1,,
822801,26,single,hit,0,2,0,91.9,0.0,50.0,ground_ball,medium,1,,
822801,27,grounded_into_double_play,out,0,2,0,96.8,-3.0,37.0,ground_ball,medium,1,,
822801,28,single,hit,1,2,1,66.3,12.0,102.0,ground_ball,medium,1,,
822801,29,field_out,out,0,2,1,84.3,80.0,64.0,popup,medium,1,,
822801,30,field_out,out,0,2,1,83.8,84.0,26.0,popup,medium,1,,
822801,31,field_out,out,0,2,1,40.8,-64.0,2.0,ground_ball,soft,1,,
822801,32,single,hit,0,2,1,80.1,12.0,165.0,line_drive,medium,1,,
822801,33,field_out,out,0,2,1,96.0,34.0,363.0,fly_ball,medium,1,,
822801,34,single,hit,0,2,1,91.9,14.0,230.0,line_drive,medium,1,,
822801,36,field_out,out,0,2,1,91.7,60.0,188.0,fly_ball,medium,1,,
822801,37,single,hit,0,2,1,97.8,6.0,105.0,ground_ball,medium,1,,
822801,38,single,hit,1,2,2,93.9,4.0,76.0,ground_ball,medium,1,,
822801,39,field_out,out,0,2,2,102.9,-11.0,13.0,ground_ball,hard,1,True,MJ
822801,41,field_out,out,0,2,2,74.7,-21.0,9.0,ground_ball,medium,1,,
822801,42,field_out,out,0,2,2,89.8,-28.0,6.0,ground_ball,medium,1,,
822801,43,field_out,out,0,2,2,68.6,-39.0,4.0,ground_ball,medium,1,,
822801,44,field_out,out,0,2,2,60.7,54.0,151.0,popup,medium,1,,
822801,47,field_out,out,0,2,2,75.0,-39.0,5.0,ground_ball,medium,1,,
822801,48,fielders_choice_out,fielders_choice,0,2,2,54.2,-39.0,4.0,ground_ball,medium,1,,
822801,49,single,hit,1,3,2,99.0,11.0,227.0,line_drive,medium,1,,
822801,51,field_out,out,0,3,2,87.8,51.0,246.0,fly_ball,medium,1,,
822801,52,home_run,hit,1,3,3,105.1,25.0,413.0,fly_ball,medium,1,,
822801,54,field_out,out,0,3,3,82.6,38.0,279.0,fly_ball,medium,1,,
822801,55,field_out,out,0,3,3,91.6,-34.0,5.0,ground_ball,medium,1,,
822801,56,field_out,out,0,3,3,80.8,-4.0,25.0,ground_ball,medium,1,,
822801,57,double,hit,0,3,3,101.3,-3.0,35.0,ground_ball,hard,1,,
822801,58,field_out,out,0,3,3,75.1,-6.0,23.0,ground_ball,medium,1,,
822801,59,field_out,out,0,3,3,72.5,54.0,183.0,popup,medium,1,,
822801,61,field_out,out,0,3,3,58.6,68.0,109.0,popup,medium,1,,
822801,63,field_out,out,0,3,3,80.8,25.0,263.0,line_drive,medium,1,,
822801,68,field_out,out,0,3,3,103.0,4.0,114.0,ground_ball,hard,1,,
822801,70,single,hit,0,3,3,74.2,-63.0,2.0,ground_ball,soft,1,,
822801,71,home_run,hit,2,5,3,101.2,32.0,381.0,fly_ball,medium,1,False,MJ
822801,73,field_out,out,0,5,3,82.4,34.0,302.0,fly_ball,medium,1,,
822801,75,home_run,hit,3,8,3,104.9,33.0,420.0,fly_ball,medium,1,,
822801,76,field_out,out,0,8,3,84.5,33.0,318.0,fly_ball,medium,1,,
822801,77,single,hit,0,8,3,102.4,5.0,94.0,ground_ball,hard,1,,
822801,78,field_out,out,0,8,3,87.0,10.0,158.0,line_drive,medium,1,,
822801,79,field_out,out,0,8,3,96.4,29.0,360.0,fly_ball,medium,1,,
822801,80,double,hit,0,8,3,82.1,24.0,247.0,line_drive,medium,1,,
822801,81,field_out,out,0,8,3,87.6,8.0,178.0,line_drive,medium,1,,
822885,1,single,hit,0,0,0,44.4,-73.0,5.0,bunt_grounder,soft,1,,
822885,2,field_out,out,0,0,0,98.5,48.0,300.0,fly_ball,medium,1,True,MA
822885,4,single,hit,0,0,0,104.3,-2.0,38.0,ground_ball,medium,1,,
822885,5,field_out,out,0,0,0,92.2,48.0,301.0,fly_ball,medium,1,,
822885,6,force_out,out,0,0,0,88.8,-19.0,8.0,ground_ball,medium,1,,
822885,8,single,hit,0,0,0,73.8,26.0,252.0,fly_ball,medium,1,,
822885,9,grounded_into_double_play,out,0,0,0,80.8,-2.0,31.0,ground_ball,medium,1,,
822885,11,field_out,out,0,0,0,100.0,-3.0,30.0,ground_ball,medium,1,,
822885,16,double,hit,0,0,0,99.6,21.0,387.0,line_drive,medium,1,,
822885,17,field_out,out,0,0,0,95.4,-2.0,36.0,ground_ball,medium,1,,
822885,18,double,hit,1,1,0,103.8,18.0,356.0,line_drive,hard,1,,
822885,20,field_out,out,0,1,0,88.4,35.0,326.0,line_drive,medium,1,,
822885,21,field_out,out,0,1,0,62.6,19.0,150.0,line_drive,medium,1,,
822885,22,field_out,out,0,1,0,75.5,-10.0,12.0,ground_ball,medium,1,,
822885,23,single,hit,0,1,0,101.7,10.0,189.0,line_drive,hard,1,,
822885,24,field_out,out,0,1,0,97.6,26.0,356.0,fly_ball,medium,1,,
822885,25,field_out,out,0,1,0,95.4,24.0,364.0,line_drive,medium,1,,
822885,29,single,hit,0,1,0,105.0,4.0,94.0,line_drive,medium,1,,
822885,30,force_out,out,0,1,0,92.5,-17.0,10.0,ground_ball,medium,1,,
822885,32,field_out,out,0,1,0,92.9,54.0,249.0,fly_ball,medium,1,,
822885,36,single,hit,0,1,0,99.0,-7.0,16.0,ground_ball,medium,1,,
822885,37,field_out,out,0,1,0,103.9,-19.0,6.0,ground_ball,medium,1,,
822885,38,field_out,out,0,1,0,95.1,-10.0,16.0,ground_ball,medium,1,,
822885,39,field_out,out,0,1,0,89.3,-10.0,14.0,ground_ball,medium,1,,
822885,40,field_out,out,0,1,0,100.6,13.0,263.0,line_drive,hard,1,,
822885,41,field_out,out,0,1,0,90.5,-6.0,17.0,ground_ball,medium,1,,
822885,42,double,hit,0,1,0,103.2,21.0,368.0,line_drive,hard,1,,
822885,43,double,hit,1,1,1,108.0,10.0,200.0,line_drive,hard,1,,
822885,45,field_out,out,0,1,1,107.2,-13.0,10.0,ground_ball,medium,1,,
822885,48,field_out,out,0,1,1,70.4,82.0,16.0,popup,medium,1,,
822885,50,single,hit,0,1,1,66.7,38.0,224.0,fly_ball,medium,1,,
822885,51,home_run,hit,2,1,3,104.1,32.0,408.0,fly_ball,medium,1,,
822885,52,field_out,out,0,1,3,91.5,-27.0,6.0,ground_ball,medium,1,,
822885,55,double,hit,0,1,3,109.1,12.0,273.0,line_drive,hard,1,,
822885,56,sac_bunt,out,0,1,3,32.7,-78.0,3.0,bunt_grounder,soft,1,,
822885,57,field_out,out,1,2,3,66.2,-42.0,4.0,ground_ball,medium,1,,
822885,58,field_out,out,0,2,3,53.9,-77.0,2.0,ground_ball,soft,1,,
822885,59,single,hit,1,3,3,99.9,-1.0,40.0,ground_ball,medium,1,,
822885,61,force_out,out,0,3,3,83.5,-10.0,11.0,ground_ball,medium,1,,
822885,64,single,hit,0,3,3,70.2,29.0,240.0,fly_ball,medium,1,,
822885,66,field_out,out,0,3,3,73.0,-0.0,39.0,ground_ball,medium,1,,
822885,67,field_out,out,0,3,3,84.1,78.0,45.0,popup,medium,1,,
822885,71,field_out,out,0,3,3,85.5,63.0,185.0,fly_ball,medium,1,,
822885,74,home_run,hit,3,6,3,108.1,20.0,408.0,line_drive,medium,1,,
822885,75,single,hit,0,6,3,94.8,5.0,108.0,ground_ball,medium,1,,
822885,76,force_out,out,0,6,3,96.5,2.0,59.0,ground_ball,medium,1,,
822885,77,field_out,out,0,6,3,88.9,76.0,88.0,popup,medium,1,,
822885,78,field_out,out,0,6,3,64.8,41.0,208.0,fly_ball,medium,1,,
822885,79,field_out,out,0,6,3,101.2,23.0,384.0,fly_ball,hard,1,,
822885,81,single,hit,1,6,4,67.4,-38.0,4.0,ground_ball,medium,1,,
823038,1,triple,hit,0,0,0,98.8,16.0,314.0,line_drive,medium,1,,
823038,2,single,hit,1,1,0,95.6,16.0,231.0,line_drive,medium,1,,
823038,3,grounded_into_double_play,out,0,1,0,74.4,-5.0,25.0,ground_ball,medium,1,,
823038,4,field_out,out,0,1,0,90.2,30.0,345.0,fly_ball,medium,1,,
823038,5,field_out,out,0,1,0,78.8,70.0,99.0,popup,medium,1,,
823038,6,field_out,out,0,1,0,95.8,42.0,344.0,fly_ball,medium,1,,
823038,9,single,hit,0,1,0,109.3,-1.0,44.0,ground_ball,hard,1,,
823038,10,field_out,out,0,1,0,67.3,81.0,47.0,popup,medium,1,,
823038,13,field_out,out,0,1,0,87.8,47.0,270.0,fly_ball,medium,1,False,MJ
823038,14,field_out,out,0,1,0,95.7,22.0,330.0,line_drive,medium,1,,
823038,15,single,hit,0,1,0,98.2,-4.0,28.0,ground_ball,medium,1,,
823038,16,single,hit,0,1,0,47.6,-77.0,1.0,bunt_grounder,medium,1,,
823038,17,grounded_into_double_play,out,0,1,0,73.0,-5.0,18.0,ground_ball,medium,1,,
823038,18,single,hit,1,2,0,93.8,9.0,135.0,ground_ball,medium,1,,
823038,23,single,hit,0,2,0,99.1,10.0,194.0,line_drive,medium,1,,
823038,24,single,hit,0,2,0,74.3,36.0,261.0,fly_ball,medium,1,,
823038,27,double,hit,0,2,0,105.6,16.0,271.0,line_drive,hard,1,,
823038,28,field_out,out,0,2,0,70.2,1.0,42.0,ground_ball,medium,1,,
823038,29,single,hit,1,3,0,96.1,5.0,121.0,ground_ball,medium,1,,
823038,30,field_out,out,0,3,0,81.6,38.0,262.0,fly_ball,medium,1,,
823038,31,single,hit,1,4,0,94.1,-7.0,17.0,ground_ball,medium,1,,
823038,32,single,hit,0,4,0,101.4,10.0,195.0,line_drive,hard,1,,
823038,33,field_out,out,0,4,0,90.7,29.0,327.0,fly_ball,medium,1,,
823038,34,force_out,out,0,4,0,74.3,-13.0,5.0,ground_ball,medium,1,,
823038,36,field_out,out,0,4,0,85.6,-44.0,3.0,ground_ball,medium,1,,
823038,37,field_out,out,0,4,0,65.6,22.0,177.0,line_drive,medium,1,,
823038,38,field_out,out,0,4,0,83.6,69.0,134.0,popup,medium,1,,
823038,39,field_out,out,0,4,0,96.0,-12.0,12.0,ground_ball,medium,1,,
823038,40,field_out,out,0,4,0,98.6,37.0,351.0,fly_ball,medium,1,,
823038,41,field_out,out,0,4,0,52.0,-59.0,1.0,ground_ball,soft,1,,
823038,42,field_out,out,0,4,0,104.1,9.0,149.0,line_drive,hard,1,,
823038,43,field_out,out,0,4,0,87.3,-0.0,47.0,ground_ball,medium,1,,
823038,44,field_out,out,0,4,0,74.1,-34.0,3.0,ground_ball,medium,1,,
823038,45,field_out,out,0,4,0,103.6,-1.0,41.0,ground_ball,hard,1,,
823038,47,single,hit,0,4,0,72.6,45.0,228.0,fly_ball,medium,1,,
823038,48,single,hit,1,4,1,106.9,-0.0,47.0,ground_ball,medium,1,,
823038,49,grounded_into_double_play,out,0,4,1,83.0,-17.0,11.0,ground_ball,medium,1,,
823038,50,single,hit,0,4,1,96.7,9.0,224.0,line_drive,medium,1,,
823038,51,grounded_into_double_play,out,0,4,1,79.3,-7.0,21.0,ground_ball,medium,1,,
823038,52,double,hit,0,4,1,100.0,12.0,281.0,line_drive,medium,1,,
823038,53,single,hit,1,5,1,86.2,13.0,180.0,line_drive,medium,1,,
823038,55,field_out,out,0,5,1,91.7,34.0,353.0,fly_ball,medium,1,,
823038,56,field_out,out,0,5,1,75.9,8.0,90.0,ground_ball,medium,1,,
823038,58,single,hit,0,5,1,96.7,61.0,207.0,fly_ball,medium,1,,
823038,59,field_out,out,0,5,1,94.4,18.0,319.0,line_drive,medium,1,,
823038,60,field_out,out,0,5,1,59.4,41.0,170.0,popup,medium,1,,
823038,62,field_out,out,0,5,1,106.4,-15.0,7.0,ground_ball,hard,1,,
823038,63,field_out,out,0,5,1,85.9,-12.0,9.0,ground_ball,medium,1,,
823038,64,single,hit,0,5,1,82.9,5.0,92.0,ground_ball,medium,1,,
823038,67,single,hit,0,5,1,42.0,-37.0,7.0,bunt_grounder,soft,1,,
823038,69,field_out,out,0,5,1,94.8,-20.0,8.0,ground_ball,medium,1,,
823038,70,field_out,out,0,5,1,92.6,2.0,78.0,ground_ball,medium,1,,
823038,71,field_out,out,0,5,1,57.9,-24.0,6.0,ground_ball,soft,1,,
823038,73,field_out,out,0,5,1,102.6,-5.0,20.0,ground_ball,hard,1,,
823126,1,field_out,out,0,0,0,85.1,31.0,324.0,fly_ball,medium,1,,
823126,2,field_out,out,0,0,0,106.2,-8.0,16.0,ground_ball,medium,1,,
823126,4,single,hit,0,0,0,91.7,19.0,273.0,line_drive,medium,1,,
823126,5,force_out,out,0,0,0,82.7,-1.0,36.0,ground_ball,medium,1,,
823126,6,single,hit,1,0,1,95.2,9.0,234.0,line_drive,medium,1,,
823126,7,field_out,out,0,0,1,90.5,-25.0,6.0,ground_ball,medium,1,,
823126,8,field_out,out,0,0,1,97.0,55.0,219.0,fly_ball,medium,1,,
823126,9,field_out,out,0,0,1,88.4,9.0,158.0,line_drive,medium,1,,
823126,10,field_out,out,0,0,1,78.7,56.0,182.0,popup,medium,1,,
823126,13,force_out,out,0,0,1,86.5,-35.0,5.0,ground_ball,medium,1,True,MJ
823126,18,field_out,out,0,0,1,84.6,52.0,219.0,fly_ball,medium,1,,
823126,20,field_out,out,0,0,1,71.5,45.0,220.0,fly_ball,medium,1,,
823126,21,force_out,out,0,0,1,99.7,-6.0,17.0,ground_ball,medium,1,,
823126,22,single,hit,0,0,1,91.4,8.0,126.0,ground_ball,medium,1,,
823126,24,home_run,hit,2,2,1,106.3,23.0,414.0,fly_ball,medium,1,,
823126,26,field_out,out,0,2,1,106.4,-8.0,14.0,ground_ball,medium,1,,
823126,27,field_out,out,0,2,1,95.3,5.0,81.0,ground_ball,medium,1,,
823126,30,single,hit,0,2,1,88.1,17.0,242.0,line_drive,medium,1,,
823126,31,grounded_into_double_play,out,0,2,1,103.9,-12.0,13.0,ground_ball,medium,1,,
823126,32,field_error,error,0,2,1,108.6,14.0,300.0,line_drive,hard,1,False,MJ
823126,33,field_out,out,0,2,1,83.1,67.0,129.0,popup,medium,1,,
823126,36,field_out,out,0,2,1,86.2,31.0,322.0,fly_ball,medium,1,,
823126,37,field_out,out,0,2,1,92.8,3.0,61.0,ground_ball,medium,1,,
823126,38,single,hit,0,2,1,87.0,17.0,253.0,line_drive,medium,1,,
823126,41,force_out,out,0,2,1,85.4,-2.0,34.0,ground_ball,medium,1,,
823126,42,single,hit,1,4,1,100.1,-5.0,20.0,ground_ball,medium,1,,
823126,43,single,hit,1,5,1,64.2,-54.0,1.0,ground_ball,medium,1,,
823126,45,field_out,out,0,5,1,89.4,-15.0,6.0,ground_ball,medium,1,,
823126,49,field_out,out,0,5,1,90.5,34.0,318.0,fly_ball,medium,1,,
823126,53,force_out,out,0,5,1,82.9,-14.0,8.0,ground_ball,medium,1,,
823126,54,field_out,out,0,5,1,100.3,37.0,340.0,fly_ball,hard,1,,
823126,56,field_out,out,0,5,1,110.4,8.0,149.0,line_drive,hard,1,,
823126,60,force_out,out,0,5,1,73.8,-29.0,6.0,ground_ball,medium,1,,
823126,62,field_out,out,0,5,1,56.7,41.0,163.0,popup,medium,1,,
823126,64,field_out,out,0,5,1,84.3,27.0,304.0,line_drive,medium,1,,
823126,67,field_out,out,0,5,1,89.5,18.0,276.0,line_drive,medium,1,,
823126,68,field_out,out,0,5,1,89.4,-29.0,7.0,ground_ball,medium,1,,
823126,69,field_out,out,0,5,1,79.3,28.0,285.0,line_drive,medium,1,,
823126,70,field_out,out,0,5,1,70.4,53.0,177.0,popup,medium,1,,
823283,1,field_out,out,0,0,0,69.5,52.0,180.0,popup,medium,1,,
823283,2,field_out,out,0,0,0,93.1,9.0,147.0,ground_ball,medium,1,,
823283,3,field_out,out,0,0,0,91.0,1.0,58.0,ground_ball,medium,1,,
823283,4,field_out,out,0,0,0,87.5,-28.0,4.0,ground_ball,medium,1,,
823283,6,field_out,out,0,0,0,101.4,19.0,337.0,line_drive,hard,1,,
823283,7,triple,hit,0,0,0,86.1,24.0,271.0,line_drive,medium,1,,
823283,8,double,hit,1,1,0,102.1,23.0,392.0,fly_ball,hard,1,,
823283,11,field_out,out,0,1,0,73.4,53.0,198.0,fly_ball,medium,1,,
823283,13,field_out,out,0,1,0,85.7,-38.0,3.0,ground_ball,medium,1,,
823283,14,field_out,out,0,1,0,73.9,-16.0,9.0,ground_ball,medium,1,,
823283,15,field_out,out,0,1,0,92.0,75.0,79.0,popup,medium,1,,
823283,16,single,hit,0,1,0,83.4,15.0,211.0,line_drive,medium,1,,
823283,17,single,hit,0,1,0,105.2,8.0,131.0,ground_ball,medium,1,,
823283,18,force_out,out,0,1,0,96.7,-10.0,14.0,ground_ball,medium,1,,
823283,19,single,hit,0,1,0,84.4,21.0,275.0,line_drive,medium,1,,
823283,20,grounded_into_double_play,out,0,1,0,90.0,-16.0,7.0,ground_ball,medium,1,,
823283,22,field_out,out,0,1,0,91.7,-4.0,17.0,ground_ball,medium,1,,
823283,23,field_out,out,0,1,0,92.8,49.0,286.0,fly_ball,medium,1,,
823283,24,single,hit,0,1,0,85.7,19.0,263.0,line_drive,medium,1,,
823283,25,field_out,out,0,1,0,106.8,4.0,87.0,ground_ball,medium,1,,
823283,26,field_out,out,0,1,0,104.1,43.0,311.0,fly_ball,hard,1,,
823283,27,field_out,out,0,1,0,80.9,14.0,149.0,line_drive,medium,1,False,MJ
823283,28,single,hit,0,1,0,73.0,-28.0,5.0,ground_ball,medium,1,,
823283,31,field_out,out,0,1,0,104.8,46.0,313.0,fly_ball,hard,1,,
823283,32,field_out,out,0,1,0,84.3,24.0,273.0,line_drive,medium,1,,
823283,33,home_run,hit,1,1,1,104.3,26.0,414.0,fly_ball,medium,1,,
823283,34,field_out,out,0,1,1,95.0,-7.0,19.0,ground_ball,medium,1,,
823283,36,field_out,out,0,1,1,92.9,19.0,300.0,line_drive,medium,1,,
823283,37,field_out,out,0,1,1,91.0,46.0,300.0,fly_ball,medium,1,,
823283,38,double,hit,0,1,1,109.6,10.0,175.0,line_drive,medium,1,False,MJ
823283,39,field_out,out,0,1,1,98.1,-1.0,43.0,ground_ball,medium,1,,
823283,40,field_error,error,0,2,1,95.2,2.0,60.0,ground_ball,medium,1,,
823283,41,triple,hit,1,3,1,105.0,21.0,330.0,line_drive,hard,1,,
823283,42,home_run,hit,2,5,1,106.7,27.0,398.0,fly_ball,medium,1,,
823283,43,home_run,hit,1,6,1,104.1,35.0,399.0,fly_ball,medium,1,,
823283,45,single,hit,0,6,1,112.3,11.0,189.0,line_drive,hard,1,,
823283,47,field_out,out,1,7,1,94.9,-9.0,8.0,ground_ball,medium,1,,
823283,48,home_run,hit,3,10,1,100.9,25.0,402.0,fly_ball,medium,1,,
823283,49,field_out,out,0,10,1,83.7,41.0,286.0,fly_ball,medium,1,,
823283,50,field_out,out,0,10,1,109.2,39.0,381.0,fly_ball,hard,1,,
823283,52,single,hit,0,10,1,99.4,10.0,154.0,line_drive,medium,1,,
823283,53,field_out,out,0,10,1,80.0,48.0,227.0,fly_ball,medium,1,,
823283,54,single,hit,1,10,2,76.7,18.0,199.0,line_drive,medium,1,,
823283,55,field_out,out,0,10,2,76.8,-43.0,4.0,ground_ball,medium,1,,
823283,58,field_out,out,0,10,2,84.1,32.0,302.0,fly_ball,medium,1,,
823283,59,field_out,out,0,10,2,77.5,-30.0,4.0,ground_ball,medium,1,,
823283,60,field_out,out,0,10,2,98.7,-9.0,16.0,ground_ball,medium,1,,
823283,61,single,hit,0,10,2,87.3,1.0,55.0,ground_ball,medium,1,,
823283,63,single,hit,1,10,3,108.5,13.0,281.0,line_drive,hard,1,,
823283,66,force_out,out,0,10,3,72.9,-17.0,12.0,ground_ball,medium,1,,
823283,67,single,hit,0,10,3,99.4,6.0,104.0,ground_ball,medium,1,,
823283,69,single,hit,0,10,3,97.9,10.0,161.0,line_drive,medium,1,,
823283,71,single,hit,1,11,3,51.0,-37.0,6.0,ground_ball,medium,1,,
823283,72,field_out,out,1,12,3,86.6,-41.0,3.0,ground_ball,medium,1,,
823283,73,single,hit,2,14,3,73.4,19.0,200.0,line_drive,medium,1,,
823283,75,single,hit,0,14,3,90.2,15.0,234.0,line_drive,medium,1,,
823283,76,force_out,out,0,14,3,,,,ground_ball,medium,0,,
823283,77,double,hit,0,14,3,102.8,15.0,272.0,line_drive,hard,1,,
823283,78,field_out,out,0,14,3,44.1,41.0,107.0,popup,medium,1,,
823283,80,field_out,out,0,14,3,59.1,-45.0,4.0,ground_ball,medium,1,,
823283,81,field_out,out,0,14,3,81.3,70.0,95.0,popup,medium,1,,
823283,82,double,hit,0,14,3,106.5,18.0,364.0,line_drive,hard,1,,
823283,83,single,hit,1,15,3,106.1,19.0,277.0,line_drive,hard,1,,
823283,84,field_out,out,0,15,3,75.9,58.0,156.0,popup,medium,1,,
823283,85,field_out,out,0,15,3,114.2,8.0,143.0,ground_ball,medium,1,,
823283,86,field_out,out,0,15,3,83.9,-0.0,48.0,ground_ball,medium,1,,
823283,87,field_out,out,0,15,3,91.5,39.0,326.0,fly_ball,medium,1,,
823368,3,field_out,out,0,0,0,85.2,-20.0,6.0,ground_ball,medium,1,,
823368,7,force_out,out,0,0,0,97.0,-1.0,46.0,ground_ball,medium,1,,
823368,8,home_run,hit,1,1,0,104.4,31.0,403.0,fly_ball,medium,1,,
823368,10,field_out,out,0,1,0,105.6,1.0,64.0,ground_ball,medium,1,,
823368,11,home_run,hit,1,2,0,102.3,27.0,424.0,fly_ball,medium,1,,
823368,12,single,hit,0,2,0,97.6,-4.0,25.0,ground_ball,medium,1,,
823368,13,field_out,out,0,2,0,91.6,25.0,329.0,line_drive,medium,1,,
823368,14,field_out,out,0,2,0,94.1,-8.0,16.0,ground_ball,medium,1,,
823368,15,field_out,out,0,2,0,54.4,56.0,124.0,popup,medium,1,,
823368,16,single,hit,0,2,0,66.2,15.0,137.0,ground_ball,medium,1,,
823368,17,single,hit,0,2,0,102.7,-3.0,29.0,ground_ball,medium,1,,
823368,19,field_out,out,0,2,0,62.1,-8.0,18.0,ground_ball,medium,1,,
823368,20,field_out,out,0,2,0,97.8,64.0,169.0,popup,medium,1,,
823368,21,field_out,out,0,2,0,104.0,-2.0,36.0,ground_ball,medium,1,,
823368,24,field_out,out,0,2,0,95.3,41.0,318.0,fly_ball,medium,1,,
823368,29,single,hit,0,2,0,69.0,38.0,219.0,fly_ball,medium,1,,
823368,30,single,hit,0,2,0,51.5,2.0,35.0,ground_ball,soft,1,,
823368,31,single,hit,1,2,1,87.4,13.0,202.0,line_drive,medium,1,,
823368,33,field_out,out,0,2,1,53.5,45.0,151.0,popup,medium,1,,
823368,35,field_out,out,0,2,1,75.9,7.0,99.0,ground_ball,medium,1,,
823368,37,single,hit,0,2,1,105.5,2.0,61.0,ground_ball,medium,1,,
823368,38,field_out,out,0,2,1,59.7,-6.0,12.0,ground_ball,medium,1,,
823368,39,field_out,out,0,2,1,93.4,29.0,328.0,fly_ball,medium,1,,
823368,42,single,hit,0,2,1,100.3,14.0,252.0,line_drive,hard,1,,
823368,44,field_out,out,0,2,1,94.2,19.0,320.0,line_drive,medium,1,,
823368,48,field_out,out,0,2,1,78.4,-44.0,4.0,ground_ball,medium,1,,
823368,49,field_error,error,0,2,1,95.7,6.0,99.0,ground_ball,medium,1,,
823368,51,double,hit,0,2,1,103.6,16.0,239.0,line_drive,hard,1,,
823368,52,field_out,out,0,2,1,47.4,-8.0,18.0,ground_ball,medium,1,,
823368,53,field_out,out,0,2,1,36.2,81.0,20.0,popup,soft,1,,
823368,54,field_out,out,0,2,1,74.2,-15.0,10.0,ground_ball,medium,1,,
823368,55,double,hit,0,2,1,106.2,19.0,368.0,line_drive,hard,1,,
823368,56,field_out,out,0,2,1,71.1,12.0,118.0,ground_ball,medium,1,,
823368,60,single,hit,0,2,1,91.8,10.0,173.0,line_drive,medium,1,,
823368,61,single,hit,0,2,1,95.4,1.0,50.0,ground_ball,medium,1,,
823368,62,single,hit,1,3,1,99.2,4.0,84.0,ground_ball,medium,1,,
823368,63,single,hit,1,4,1,77.8,26.0,277.0,line_drive,medium,1,,
823368,64,field_out,out,0,4,1,95.5,49.0,271.0,fly_ball,medium,1,,
823368,67,field_error,error,0,4,1,95.0,-15.0,11.0,ground_ball,medium,1,False,MJ
823368,68,field_out,out,0,4,1,91.9,36.0,335.0,fly_ball,medium,1,,
823368,69,grounded_into_double_play,out,0,4,1,94.1,-8.0,15.0,ground_ball,medium,1,,
823368,71,field_out,out,0,4,1,28.6,56.0,47.0,bunt_popup,soft,1,,
823368,73,field_out,out,0,4,1,79.8,84.0,11.0,popup,medium,1,,
823368,74,field_out,out,0,4,1,40.4,-47.0,5.0,ground_ball,soft,1,,
823368,77,home_run,hit,1,4,2,105.3,27.0,422.0,fly_ball,medium,1,,
823368,78,field_out,out,0,4,2,102.0,20.0,367.0,line_drive,hard,1,,
823441,1,field_out,out,0,0,0,79.2,68.0,126.0,popup,medium,1,,
823441,4,field_out,out,0,0,0,58.4,-79.0,2.0,ground_ball,soft,1,,
823441,5,single,hit,0,0,0,77.4,-51.0,3.0,ground_ball,medium,1,,
823441,6,home_run,hit,2,0,2,106.0,41.0,399.0,fly_ball,medium,1,,
823441,8,force_out,out,0,0,2,109.1,-8.0,16.0,ground_ball,hard,1,,
823441,11,field_out,out,0,0,2,78.2,58.0,206.0,fly_ball,medium,1,,
823441,12,home_run,hit,1,1,2,104.7,38.0,406.0,fly_ball,medium,1,,
823441,13,field_error,error,0,1,2,105.9,-5.0,23.0,ground_ball,hard,1,,
823441,16,single,hit,0,1,2,107.1,10.0,243.0,line_drive,hard,1,,
823441,18,field_out,out,0,1,2,70.2,13.0,143.0,ground_ball,medium,1,,
823441,19,field_out,out,0,1,2,106.7,7.0,172.0,line_drive,hard,1,,
823441,21,field_out,out,0,1,2,82.3,-29.0,4.0,ground_ball,medium,1,,
823441,23,field_out,out,0,1,2,90.2,51.0,253.0,fly_ball,medium,1,,
823441,25,field_out,out,0,1,2,74.2,-7.0,11.0,ground_ball,medium,1,,
823441,26,field_out,out,0,1,2,87.1,27.0,305.0,line_drive,medium,1,,
823441,27,field_out,out,0,1,2,96.8,58.0,242.0,fly_ball,medium,1,,
823441,28,single,hit,0,1,2,101.2,-5.0,24.0,ground_ball,hard,1,False,MJ
823441,30,single,hit,0,1,2,67.5,23.0,197.0,line_drive,medium,1,,
823441,32,field_out,out,0,1,2,89.9,39.0,331.0,fly_ball,medium,1,,
823441,35,field_out,out,0,1,2,76.0,-10.0,19.0,ground_ball,medium,1,,
823441,36,field_out,out,0,1,2,93.2,22.0,334.0,line_drive,medium,1,,
823441,38,home_run,hit,1,1,3,106.1,22.0,414.0,fly_ball,medium,1,,
823441,40,field_out,out,0,1,3,82.3,60.0,195.0,fly_ball,medium,1,True,MJ
823441,41,single,hit,1,1,4,109.4,8.0,145.0,ground_ball,hard,1,,
823441,42,single,hit,0,1,4,99.5,-10.0,19.0,ground_ball,medium,1,,
823441,46,field_out,out,0,1,4,84.4,-32.0,4.0,ground_ball,medium,1,,
823441,47,field_out,out,0,1,4,98.3,39.0,360.0,fly_ball,medium,1,,
823441,49,triple,hit,0,1,4,106.7,17.0,395.0,line_drive,hard,1,,
823441,52,single,hit,2,1,6,103.4,8.0,157.0,line_drive,hard,1,,
823441,53,field_out,out,0,1,6,94.9,25.0,369.0,fly_ball,medium,1,,
823441,54,field_out,out,0,1,6,86.1,5.0,78.0,ground_ball,medium,1,,
823441,57,field_out,out,0,1,6,86.8,-12.0,10.0,ground_ball,medium,1,,
823441,58,single,hit,0,1,6,84.8,-52.0,3.0,ground_ball,medium,1,True,MF
823441,59,field_out,out,0,1,6,77.0,42.0,258.0,fly_ball,medium,1,,
823441,60,single,hit,0,1,6,105.5,8.0,199.0,line_drive,hard,1,,
823441,62,field_out,out,0,1,6,89.2,48.0,264.0,fly_ball,medium,1,,
823441,63,single,hit,0,1,6,75.0,3.0,55.0,ground_ball,medium,1,,
823441,64,field_out,out,0,1,6,79.6,82.0,17.0,popup,medium,1,,
823441,66,field_out,out,0,1,6,79.5,-18.0,8.0,ground_ball,medium,1,,
823441,67,field_out,out,0,1,6,87.7,46.0,285.0,fly_ball,medium,1,,
823441,68,field_out,out,0,1,6,97.8,50.0,289.0,fly_ball,medium,1,,
823441,69,single,hit,0,1,6,99.5,6.0,121.0,ground_ball,medium,1,,
823441,70,field_out,out,0,1,6,83.0,60.0,210.0,fly_ball,medium,1,,
823441,71,field_out,out,0,1,6,80.7,62.0,178.0,fly_ball,medium,1,,
823441,72,field_out,out,0,1,6,88.5,-0.0,45.0,ground_ball,medium,1,,
823441,74,field_out,out,0,1,6,54.0,-54.0,0.0,ground_ball,soft,1,,
823531,0,single,hit,0,0,0,75.5,24.0,240.0,line_drive,medium,1,,
823531,1,catcher_interf,other,0,0,0,57.4,20.0,132.0,ground_ball,medium,1,,
823531,2,force_out,out,0,0,0,73.3,-32.0,7.0,ground_ball,medium,1,,
823531,3,force_out,out,0,0,0,72.8,-2.0,24.0,ground_ball,medium,1,,
823531,6,single,hit,0,0,0,79.9,16.0,198.0,line_drive,medium,1,,
823531,8,field_out,out,0,0,0,88.7,34.0,299.0,fly_ball,medium,1,,
823531,9,field_out,out,0,0,0,85.8,80.0,26.0,popup,medium,1,,
823531,10,field_out,out,0,0,0,91.8,-7.0,18.0,ground_ball,medium,1,,
823531,11,field_out,out,0,0,0,64.1,-33.0,7.0,ground_ball,medium,1,,
823531,12,field_out,out,0,0,0,97.5,-6.0,26.0,ground_ball,medium,1,,
823531,13,single,hit,0,0,0,88.3,20.0,271.0,line_drive,medium,1,,
823531,14,field_out,out,0,0,0,76.5,-43.0,3.0,ground_ball,medium,1,,
823531,16,field_out,out,0,0,0,94.6,30.0,344.0,fly_ball,medium,1,,
823531,17,single,hit,0,0,0,98.9,-26.0,5.0,ground_ball,medium,1,,
823531,18,field_out,out,0,0,0,86.4,34.0,311.0,fly_ball,medium,1,,
823531,21,home_run,hit,1,0,1,105.1,41.0,375.0,fly_ball,medium,1,True,MA
823531,22,field_out,out,0,0,1,63.1,-7.0,19.0,ground_ball,medium,1,,
823531,23,single,hit,0,0,1,68.2,8.0,79.0,ground_ball,medium,1,,
823531,28,single,hit,0,0,1,85.9,13.0,201.0,line_drive,medium,1,,
823531,29,home_run,hit,3,3,1,104.0,28.0,401.0,fly_ball,medium,1,,
823531,30,field_out,out,0,3,1,45.2,28.0,75.0,ground_ball,medium,1,,
823531,31,single,hit,0,3,1,89.2,11.0,135.0,ground_ball,medium,1,,
823531,32,field_out,out,0,3,1,80.2,4.0,61.0,ground_ball,medium,1,,
823531,34,field_out,out,0,3,1,91.5,75.0,89.0,popup,medium,1,,
823531,36,field_out,out,0,3,1,96.9,-18.0,9.0,ground_ball,medium,1,,
823531,37,single,hit,0,3,1,108.2,15.0,309.0,line_drive,hard,1,,
823531,38,field_out,out,0,3,1,77.6,-51.0,2.0,ground_ball,medium,1,,
823531,43,field_out,out,0,3,1,64.5,-27.0,7.0,ground_ball,medium,1,,
823531,44,field_out,out,0,3,1,76.1,33.0,253.0,fly_ball,medium,1,,
823531,45,field_out,out,0,3,1,84.7,54.0,227.0,fly_ball,medium,1,,
823531,48,single,hit,0,3,1,73.6,31.0,247.0,fly_ball,medium,1,,
823531,49,field_out,out,0,3,1,82.3,46.0,245.0,fly_ball,medium,1,,
823531,50,field_out,out,0,3,1,87.3,41.0,309.0,fly_ball,medium,1,,
823531,51,field_out,out,0,3,1,85.3,41.0,281.0,fly_ball,medium,1,,
823531,52,field_out,out,0,3,1,93.2,42.0,329.0,fly_ball,medium,1,,
823531,54,single,hit,0,3,1,59.2,-38.0,4.0,ground_ball,medium,1,,
823531,55,force_out,out,0,3,1,97.2,-19.0,8.0,ground_ball,medium,1,,
823531,56,field_out,out,0,3,1,71.9,-29.0,8.0,ground_ball,medium,1,,
823531,57,field_out,out,0,3,1,66.3,1.0,46.0,ground_ball,medium,1,,
823531,58,field_out,out,0,3,1,86.7,51.0,264.0,fly_ball,medium,1,,
823531,59,field_out,out,0,3,1,63.2,71.0,92.0,popup,medium,1,,
823531,61,field_out,out,0,3,1,81.3,-21.0,10.0,ground_ball,medium,1,,
823531,62,field_out,out,0,3,1,81.6,86.0,48.0,popup,medium,1,,
823531,63,single,hit,0,3,1,74.7,-9.0,16.0,ground_ball,medium,1,,
823531,65,double,hit,1,4,1,95.4,35.0,312.0,fly_ball,medium,1,,
823531,66,field_out,out,0,4,1,55.8,-30.0,6.0,ground_ball,medium,1,,
823531,69,field_out,out,0,4,1,102.8,19.0,353.0,line_drive,hard,1,,
823531,70,field_out,out,0,4,1,87.2,50.0,253.0,fly_ball,medium,1,,
823531,71,field_out,out,0,4,1,102.6,16.0,306.0,line_drive,hard,1,,
823532,3,field_out,out,0,0,0,75.4,70.0,112.0,popup,medium,1,,
823532,4,field_out,out,0,0,0,83.6,-1.0,40.0,ground_ball,medium,1,,
823532,5,home_run,hit,1,0,1,104.3,25.0,396.0,fly_ball,medium,1,,
823532,7,double,hit,0,0,1,102.3,3.0,85.0,ground_ball,hard,1,,
823532,8,field_out,out,0,0,1,87.4,-6.0,18.0,ground_ball,medium,1,,
823532,10,field_out,out,0,0,1,86.6,66.0,153.0,popup,medium,1,,
823532,11,field_out,out,0,0,1,76.2,62.0,165.0,popup,medium,1,,
823532,15,field_out,out,0,0,1,88.7,11.0,170.0,line_drive,medium,1,,
823532,16,double,hit,0,0,1,82.0,20.0,215.0,line_drive,medium,1,,
823532,18,field_out,out,0,0,1,79.2,22.0,247.0,line_drive,medium,1,,
823532,19,double,hit,2,2,1,104.0,25.0,358.0,line_drive,hard,1,,
823532,22,field_out,out,0,2,1,53.5,36.0,143.0,popup,soft,1,,
823532,24,field_out,out,0,2,1,106.2,-6.0,21.0,ground_ball,hard,1,,
823532,26,double,hit,0,2,1,93.9,26.0,357.0,line_drive,medium,1,,
823532,28,field_out,out,0,2,1,91.1,1.0,65.0,ground_ball,medium,1,,
823532,29,field_out,out,0,2,1,87.5,-11.0,9.0,ground_ball,medium,1,,
823532,33,field_error,error,0,2,1,78.5,5.0,69.0,ground_ball,medium,1,,
823532,34,force_out,out,0,2,1,105.6,-9.0,14.0,ground_ball,hard,1,,
823532,35,double,hit,0,2,1,83.7,23.0,248.0,line_drive,medium,1,,
823532,36,sac_fly,out,1,3,1,102.5,18.0,303.0,line_drive,hard,1,,
823532,38,home_run,hit,3,6,1,102.3,34.0,407.0,fly_ball,medium,1,True,MJ
823532,39,field_out,out,0,6,1,88.4,5.0,97.0,ground_ball,medium,1,,
823532,40,field_out,out,0,6,1,81.4,26.0,297.0,line_drive,medium,1,,
823532,41,single,hit,0,6,1,101.8,15.0,254.0,line_drive,hard,1,,
823532,42,single,hit,0,6,1,102.6,10.0,192.0,line_drive,hard,1,,
823532,43,field_out,out,0,6,1,85.4,12.0,156.0,line_drive,medium,1,,
823532,47,field_out,out,0,6,1,37.5,-3.0,24.0,ground_ball,soft,1,,
823532,48,single,hit,0,6,1,79.7,22.0,252.0,line_drive,medium,1,,
823532,49,single,hit,0,6,1,,,,bunt_grounder,medium,0,,
823532,50,field_out,out,0,6,1,95.3,29.0,357.0,fly_ball,medium,1,,
823532,51,single,hit,0,6,1,99.9,5.0,110.0,ground_ball,medium,1,,
823532,52,single,hit,0,6,1,98.2,8.0,134.0,ground_ball,medium,1,,
823532,53,field_out,out,0,6,1,83.9,61.0,184.0,popup,medium,1,,
823532,54,field_out,out,0,6,1,89.0,88.0,74.0,popup,medium,1,,
823532,55,field_out,out,0,6,1,89.6,41.0,288.0,fly_ball,medium,1,,
823532,56,field_out,out,0,6,1,70.6,12.0,120.0,line_drive,medium,1,,
823532,57,single,hit,0,6,1,101.7,11.0,259.0,line_drive,hard,1,,
823532,58,field_out,out,0,6,1,88.2,56.0,234.0,fly_ball,medium,1,,
823532,59,field_out,out,0,6,1,63.8,52.0,163.0,popup,medium,1,,
823532,61,field_out,out,0,6,1,88.6,-3.0,30.0,ground_ball,medium,1,,
823532,62,field_error,error,0,6,1,83.3,-2.0,39.0,ground_ball,medium,1,,
823532,63,field_out,out,0,6,1,50.0,-19.0,5.0,ground_ball,soft,1,,
823532,64,single,hit,0,6,1,98.5,10.0,162.0,line_drive,medium,1,,
823532,65,force_out,out,0,6,1,100.8,3.0,76.0,ground_ball,hard,1,,
823532,66,single,hit,0,6,1,76.5,19.0,226.0,line_drive,medium,1,,
823532,67,single,hit,0,6,1,88.0,11.0,146.0,line_drive,medium,1,,
823532,69,double,hit,3,9,1,99.0,23.0,363.0,line_drive,medium,1,,
823532,70,double,hit,1,10,1,98.3,24.0,357.0,fly_ball,medium,1,,
823532,72,single,hit,0,10,1,99.6,2.0,70.0,ground_ball,medium,1,,
823532,73,single,hit,0,10,1,90.2,2.0,65.0,ground_ball,medium,1,,
823532,74,force_out,out,1,10,2,89.6,4.0,82.0,ground_ball,medium,1,,
823532,75,field_out,out,0,10,2,98.2,65.0,199.0,popup,medium,1,,
823532,76,field_out,out,0,10,2,91.2,-7.0,13.0,ground_ball,medium,1,,
823532,78,force_out,out,0,10,2,94.3,7.0,116.0,ground_ball,medium,1,,
823532,79,field_out,out,0,10,2,79.9,32.0,292.0,fly_ball,medium,1,,
823532,80,single,hit,0,10,2,93.2,14.0,266.0,line_drive,medium,1,,
823532,81,field_out,out,0,10,2,84.5,37.0,305.0,fly_ball,medium,1,,
823532,82,field_out,out,0,10,2,105.5,50.0,331.0,fly_ball,hard,1,,
823532,84,single,hit,0,10,2,97.9,6.0,108.0,ground_ball,medium,1,,
823532,85,field_out,out,0,10,2,95.6,48.0,292.0,fly_ball,medium,1,,
823615,0,single,hit,0,0,0,69.0,21.0,190.0,line_drive,medium,1,,
823615,1,single,hit,0,0,0,91.0,14.0,239.0,line_drive,medium,1,,
823615,2,single,hit,0,0,0,106.0,-0.0,48.0,ground_ball,hard,1,,
823615,4,sac_fly,out,1,1,0,97.4,19.0,302.0,line_drive,medium,1,,
823615,5,field_out,out,0,1,0,87.9,64.0,174.0,popup,medium,1,,
823615,7,single,hit,0,1,0,107.3,11.0,233.0,line_drive,hard,1,,
823615,8,force_out,out,0,1,0,9.7,85.0,4.0,bunt_grounder,soft,1,,
823615,9,single,hit,1,1,1,100.5,-3.0,37.0,ground_ball,hard,1,,
823615,10,double,hit,1,1,3,88.9,14.0,212.0,line_drive,medium,1,,
823615,12,single,hit,1,1,4,110.0,9.0,207.0,line_drive,hard,1,,
823615,13,field_out,out,0,1,4,78.1,64.0,161.0,popup,medium,1,,
823615,14,field_out,out,0,1,4,67.4,2.0,44.0,ground_ball,medium,1,,
823615,15,field_out,out,0,1,4,73.1,-2.0,23.0,ground_ball,medium,1,,
823615,17,field_out,out,0,1,4,73.6,-20.0,9.0,ground_ball,medium,1,,
823615,18,single,hit,0,1,4,87.6,16.0,209.0,line_drive,medium,1,,
823615,20,single,hit,0,1,4,93.0,-15.0,7.0,ground_ball,medium,1,,
823615,21,field_out,out,0,1,4,78.5,76.0,81.0,popup,medium,1,,
823615,22,field_out,out,0,1,4,51.1,26.0,139.0,line_drive,soft,1,,
823615,23,field_out,out,0,1,4,49.0,-74.0,1.0,ground_ball,soft,1,,
823615,24,field_out,out,0,1,4,86.6,51.0,248.0,fly_ball,medium,1,,
823615,25,single,hit,0,1,4,75.2,18.0,206.0,line_drive,medium,1,,
823615,26,field_out,out,0,1,4,100.6,9.0,184.0,line_drive,hard,1,,
823615,27,single,hit,0,1,4,68.4,3.0,45.0,ground_ball,medium,1,,
823615,28,field_out,out,0,1,4,106.2,15.0,317.0,line_drive,hard,1,,
823615,29,field_out,out,0,1,4,92.6,-3.0,33.0,ground_ball,medium,1,,
823615,30,field_out,out,0,1,4,80.1,-1.0,27.0,ground_ball,medium,1,,
823615,31,field_out,out,0,1,4,47.3,-28.0,6.0,ground_ball,soft,1,,
823615,32,field_out,out,0,1,4,84.1,69.0,129.0,popup,medium,1,,
823615,33,field_out,out,0,1,4,92.7,-12.0,12.0,ground_ball,medium,1,,
823615,34,field_out,out,0,1,4,86.2,28.0,291.0,fly_ball,medium,1,,
823615,36,field_out,out,0,1,4,78.0,46.0,249.0,fly_ball,medium,1,,
823615,37,field_out,out,0,1,4,94.4,24.0,353.0,line_drive,medium,1,,
823615,38,field_out,out,0,1,4,100.4,-15.0,9.0,ground_ball,medium,1,,
823615,39,single,hit,0,1,4,95.6,-2.0,37.0,ground_ball,medium,1,,
823615,41,force_out,out,0,1,4,86.2,-4.0,26.0,ground_ball,medium,1,,
823615,42,home_run,hit,1,1,5,94.2,38.0,361.0,fly_ball,medium,1,,
823615,43,home_run,hit,1,1,6,101.1,30.0,403.0,fly_ball,medium,1,,
823615,46,grounded_into_double_play,out,0,1,6,83.1,4.0,69.0,ground_ball,medium,1,,
823615,48,field_out,out,0,1,6,79.3,39.0,277.0,fly_ball,medium,1,,
823615,49,field_out,out,0,1,6,96.6,-18.0,9.0,ground_ball,medium,1,,
823615,50,field_error,error,0,1,6,82.0,-20.0,7.0,ground_ball,medium,1,,
823615,52,field_out,out,0,1,6,88.5,8.0,133.0,line_drive,medium,1,,
823615,58,grounded_into_double_play,out,0,1,6,106.5,2.0,86.0,ground_ball,hard,1,,
823615,59,field_out,out,0,1,6,83.8,-5.0,19.0,ground_ball,medium,1,,
823615,60,field_out,out,0,1,6,58.8,66.0,98.0,popup,medium,1,,
823615,64,field_out,out,0,1,6,73.4,-17.0,7.0,ground_ball,medium,1,,
823615,66,field_out,out,0,1,6,104.1,-5.0,23.0,ground_ball,medium,1,,
823615,67,single,hit,0,1,6,74.7,21.0,211.0,line_drive,medium,1,,
823615,68,single,hit,0,1,6,47.0,-23.0,6.0,ground_ball,soft,1,,
823615,69,single,hit,2,1,8,96.4,12.0,204.0,line_drive,medium,1,,
823615,70,field_out,out,0,1,8,58.2,25.0,163.0,line_drive,soft,1,,
823615,73,field_out,out,0,1,8,87.6,63.0,168.0,fly_ball,medium,1,,
823615,74,field_out,out,0,1,8,90.6,29.0,362.0,fly_ball,medium,1,,
823615,75,field_out,out,0,1,8,96.5,20.0,361.0,line_drive,medium,1,,
823763,0,single,hit,0,0,0,94.2,-40.0,2.0,ground_ball,medium,1,,
823763,7,field_out,out,0,0,0,97.8,49.0,275.0,fly_ball,medium,1,,
823763,8,double,hit,0,0,0,92.3,19.0,305.0,line_drive,medium,1,,
823763,9,single,hit,0,0,0,52.1,-63.0,3.0,bunt_grounder,soft,1,,
823763,10,single,hit,1,1,0,102.9,0.0,55.0,ground_ball,medium,1,,
823763,11,single,hit,0,1,0,16.2,-51.0,3.0,bunt_grounder,soft,1,,
823763,12,force_out,out,1,2,0,76.2,-18.0,8.0,ground_ball,medium,1,,
823763,13,sac_fly,out,1,3,0,101.8,27.0,389.0,fly_ball,hard,1,,
823763,15,field_out,out,0,3,0,90.0,40.0,336.0,fly_ball,medium,1,,
823763,16,single,hit,0,3,0,87.7,14.0,214.0,line_drive,medium,1,,
823763,18,field_out,out,0,3,0,90.7,27.0,335.0,fly_ball,medium,1,,
823763,19,sac_fly,out,1,3,1,99.6,18.0,335.0,line_drive,medium,1,,
823763,20,field_error,error,0,3,1,98.9,-11.0,8.0,ground_ball,medium,1,,
823763,22,field_out,out,0,3,1,87.9,21.0,292.0,line_drive,medium,1,,
823763,23,field_out,out,0,3,1,81.1,28.0,300.0,line_drive,medium,1,,
823763,24,field_out,out,0,3,1,49.1,-19.0,10.0,ground_ball,soft,1,,
823763,26,field_out,out,0,3,1,93.0,34.0,317.0,fly_ball,medium,1,,
823763,27,double,hit,1,3,2,105.5,22.0,381.0,line_drive,hard,1,,
823763,28,single,hit,0,3,2,94.8,-15.0,8.0,ground_ball,medium,1,,
823763,34,field_out,out,0,3,2,96.4,5.0,91.0,ground_ball,medium,1,,
823763,35,field_out,out,0,3,2,76.7,28.0,274.0,line_drive,medium,1,,
823763,37,field_out,out,0,3,2,62.4,-12.0,13.0,ground_ball,medium,1,,
823763,39,field_out,out,0,3,2,99.2,37.0,364.0,fly_ball,medium,1,,
823763,43,field_out,out,0,3,2,105.3,-17.0,7.0,ground_ball,medium,1,,
823763,45,single,hit,0,3,2,104.0,6.0,119.0,ground_ball,medium,1,,
823763,48,field_out,out,0,3,2,90.4,12.0,190.0,line_drive,medium,1,,
823763,49,field_out,out,0,3,2,90.2,-22.0,7.0,ground_ball,medium,1,,
823763,50,double,hit,0,3,2,110.5,13.0,220.0,line_drive,hard,1,,
823763,53,single,hit,2,3,4,85.0,14.0,198.0,line_drive,medium,1,,
823763,55,field_out,out,0,3,4,84.0,-33.0,3.0,ground_ball,medium,1,,
823763,56,double,hit,2,3,6,101.0,11.0,246.0,line_drive,hard,1,,
823763,57,field_out,out,0,3,6,98.5,29.0,378.0,fly_ball,medium,1,True,MJ
823763,59,single,hit,0,3,6,93.6,14.0,256.0,line_drive,medium,1,,
823763,62,single,hit,0,3,6,65.4,38.0,207.0,fly_ball,medium,1,,
823763,63,single,hit,0,3,6,80.3,-19.0,7.0,ground_ball,medium,1,,
823763,65,double,hit,2,3,8,98.3,13.0,210.0,line_drive,medium,1,,
823763,66,field_error,error,0,3,8,85.9,-16.0,9.0,ground_ball,medium,1,,
823763,67,fielders_choice_out,fielders_choice,0,3,8,81.9,-18.0,8.0,ground_ball,medium,1,,
823763,68,field_out,out,0,3,8,96.5,40.0,331.0,fly_ball,medium,1,,
823763,69,field_out,out,0,3,8,104.3,44.0,349.0,fly_ball,hard,1,,
823763,70,field_out,out,0,3,8,93.3,1.0,59.0,ground_ball,medium,1,,
823763,71,field_out,out,0,3,8,75.0,41.0,246.0,fly_ball,medium,1,,
823763,73,field_out,out,0,3,8,74.4,-40.0,4.0,ground_ball,medium,1,,
823763,74,field_out,out,0,3,8,85.8,-13.0,14.0,ground_ball,medium,1,,
823763,77,home_run,hit,3,6,8,104.9,32.0,404.0,fly_ball,medium,1,,
823763,79,field_out,out,0,6,8,82.5,2.0,43.0,ground_ball,medium,1,,
823763,80,field_out,out,0,6,8,92.0,-16.0,13.0,ground_ball,medium,1,,
823777,0,field_out,out,0,0,0,101.2,40.0,361.0,fly_ball,hard,1,,
823777,1,field_out,out,0,0,0,83.2,-0.0,44.0,ground_ball,medium,1,,
823777,2,field_out,out,0,0,0,98.2,4.0,88.0,ground_ball,medium,1,,
823777,3,home_run,hit,1,0,1,102.6,27.0,412.0,fly_ball,hard,1,,
823777,4,field_out,out,0,0,1,101.7,11.0,187.0,line_drive,hard,1,,
823777,5,double,hit,0,0,1,112.7,14.0,254.0,line_drive,hard,1,,
823777,6,field_out,out,0,0,1,70.1,-13.0,11.0,ground_ball,medium,1,,
823777,7,field_out,out,0,0,1,96.8,-8.0,18.0,ground_ball,medium,1,,
823777,8,field_out,out,0,0,1,46.1,-63.0,3.0,ground_ball,soft,1,,
823777,9,field_out,out,0,0,1,80.9,-44.0,3.0,ground_ball,medium,1,,
823777,11,field_out,out,0,0,1,94.8,26.0,342.0,fly_ball,medium,1,,
823777,12,field_out,out,0,0,1,80.1,23.0,271.0,line_drive,medium,1,,
823777,14,field_out,out,0,0,1,87.6,-44.0,2.0,ground_ball,medium,1,,
823777,15,field_out,out,0,0,1,84.5,46.0,251.0,fly_ball,medium,1,,
823777,16,single,hit,0,0,1,89.6,21.0,295.0,line_drive,medium,1,,
823777,17,double_play,out,0,0,1,108.9,5.0,115.0,line_drive,medium,1,,
823777,18,single,hit,0,0,1,87.6,-23.0,6.0,ground_ball,medium,1,,
823777,19,field_out,out,0,0,1,91.2,24.0,331.0,fly_ball,medium,1,,
823777,20,field_out,out,0,0,1,80.8,33.0,289.0,fly_ball,medium,1,True,MA
823777,21,field_out,out,0,0,1,86.0,34.0,289.0,fly_ball,medium,1,,
823777,22,field_out,out,0,0,1,88.7,32.0,322.0,fly_ball,medium,1,,
823777,23,field_out,out,0,0,1,82.2,5.0,79.0,ground_ball,medium,1,,
823777,24,single,hit,0,0,1,78.7,-5.0,23.0,ground_ball,medium,1,,
823777,25,single,hit,0,0,1,100.7,16.0,299.0,line_drive,hard,1,,
823777,26,fielders_choice_out,fielders_choice,0,0,1,84.2,-26.0,7.0,ground_ball,medium,1,,
823777,28,home_run,hit,3,0,4,101.8,27.0,399.0,fly_ball,hard,1,,
823777,29,single,hit,0,0,4,98.8,7.0,156.0,line_drive,medium,1,,
823777,32,field_out,out,0,0,4,99.3,-24.0,7.0,ground_ball,medium,1,,
823777,33,single,hit,0,0,4,44.9,-24.0,7.0,ground_ball,soft,1,True,MJ
823777,34,field_out,out,0,0,4,68.1,55.0,169.0,popup,medium,1,,
823777,35,field_out,out,0,0,4,83.0,-20.0,8.0,ground_ball,medium,1,,
823777,37,field_out,out,0,0,4,96.0,28.0,366.0,fly_ball,medium,1,,
823777,38,single,hit,0,0,4,70.0,18.0,167.0,line_drive,medium,1,,
823777,40,field_out,out,0,0,4,94.5,37.0,348.0,fly_ball,medium,1,,
823777,41,field_out,out,0,0,4,80.4,5.0,76.0,ground_ball,medium,1,,
823777,42,field_out,out,0,0,4,90.7,-43.0,4.0,ground_ball,medium,1,,
823777,43,double,hit,0,0,4,105.1,18.0,370.0,line_drive,hard,1,,
823777,44,field_out,out,0,0,4,84.1,-33.0,4.0,ground_ball,medium,1,,
823777,45,field_out,out,0,0,4,90.1,-22.0,9.0,ground_ball,medium,1,,
823777,46,field_out,out,0,0,4,90.1,56.0,251.0,fly_ball,medium,1,,
823777,47,single,hit,0,,4,69.0,34.0,237.0,fly_ball,medium,1,,
823777,48,field_out,out,0,0,4,97.3,33.0,370.0,fly_ball,medium,1,,
823777,49,field_out,out,0,0,4,71.9,-36.0,5.0,ground_ball,medium,1,,
823777,50,single,hit,0,0,4,97.3,13.0,242.0,line_drive,medium,1,,
823777,52,field_out,out,0,0,4,94.3,24.0,315.0,line_drive,medium,1,,
823777,53,field_error,error,0,0,4,66.9,-1.0,37.0,ground_ball,medium,1,,
823777,55,field_out,out,0,0,4,54.9,50.0,145.0,popup,soft,1,,
823777,57,field_out,out,0,0,4,48.2,-68.0,2.0,ground_ball,soft,1,,
823777,58,single,hit,0,0,4,105.1,5.0,116.0,ground_ball,medium,1,,
823777,60,field_out,out,0,0,4,78.5,51.0,227.0,fly_ball,medium,1,True,MJ
823777,62,field_out,out,0,0,4,92.8,42.0,307.0,fly_ball,medium,1,,
823777,63,field_out,out,0,0,4,97.9,-8.0,22.0,ground_ball,medium,1,,
823854,0,field_out,out,0,0,0,91.1,-2.0,43.0,ground_ball,medium,1,True,MJ
823854,5,field_error,error,0,0,0,99.8,-24.0,6.0,ground_ball,medium,1,,
823854,7,force_out,out,0,0,0,82.8,-24.0,8.0,ground_ball,medium,1,,
823854,10,field_out,out,0,0,1,96.5,25.0,377.0,fly_ball,medium,1,,
823854,11,double,hit,0,0,1,99.6,18.0,302.0,line_drive,medium,1,,
823854,13,double,hit,0,0,1,102.1,27.0,394.0,fly_ball,hard,1,False,NH
823854,14,single,hit,1,1,1,83.4,10.0,163.0,line_drive,medium,1,,
823854,16,single,hit,0,1,1,78.8,13.0,142.0,line_drive,medium,1,,
823854,18,sac_bunt,out,0,1,1,21.2,-65.0,3.0,bunt_grounder,medium,1,,
823854,19,field_out,out,0,1,1,56.3,55.0,136.0,popup,medium,1,,
823854,21,field_error,error,0,1,2,70.9,-36.0,4.0,ground_ball,medium,1,,
823854,22,force_out,out,0,1,2,99.5,-10.0,15.0,ground_ball,medium,1,,
823854,24,single,hit,0,1,2,84.6,-31.0,5.0,ground_ball,medium,1,,
823854,25,field_out,out,0,1,2,74.7,52.0,208.0,fly_ball,medium,1,,
823854,26,field_out,out,0,1,2,74.9,-33.0,3.0,ground_ball,medium,1,,
823854,27,field_out,out,0,1,2,87.0,43.0,288.0,fly_ball,medium,1,,
823854,28,field_out,out,0,1,2,85.3,47.0,278.0,fly_ball,medium,1,,
823854,30,double_play,out,0,1,2,92.0,12.0,178.0,line_drive,medium,1,,
823854,31,field_out,out,0,1,2,58.4,22.0,145.0,line_drive,medium,1,,
823854,32,home_run,hit,1,2,2,104.1,30.0,414.0,fly_ball,medium,1,,
823854,33,double,hit,0,2,2,99.6,23.0,390.0,line_drive,medium,1,,
823854,35,single,hit,0,2,2,57.9,18.0,117.0,ground_ball,medium,1,,
823854,38,single,hit,1,2,3,95.0,7.0,131.0,line_drive,medium,1,,
823854,39,single,hit,0,2,3,97.2,-11.0,17.0,ground_ball,medium,1,,
823854,41,grounded_into_double_play,out,0,2,4,93.6,-3.0,24.0,ground_ball,medium,1,,
823854,42,home_run,hit,2,2,6,107.2,39.0,389.0,fly_ball,medium,1,,
823854,43,single,hit,0,2,6,75.1,18.0,192.0,line_drive,medium,1,,
823854,45,field_out,out,0,2,6,97.5,38.0,357.0,fly_ball,medium,1,,
823854,47,field_out,out,0,2,6,62.3,-33.0,4.0,ground_ball,medium,1,,
823854,48,field_out,out,0,2,6,89.0,-20.0,9.0,ground_ball,medium,1,,
823854,49,field_out,out,0,2,6,85.0,24.0,301.0,line_drive,medium,1,,
823854,50,double,hit,0,2,6,103.0,16.0,275.0,line_drive,hard,1,,
823854,51,field_out,out,0,2,6,79.5,-19.0,9.0,ground_ball,medium,1,,
823854,52,field_out,out,0,2,6,105.7,21.0,396.0,line_drive,medium,1,,
823854,53,field_out,out,0,2,6,87.1,11.0,136.0,ground_ball,medium,1,,
823854,55,field_out,out,0,2,6,93.8,23.0,340.0,line_drive,medium,1,,
823854,56,field_out,out,0,2,6,81.4,-15.0,9.0,ground_ball,medium,1,,
823854,63,field_out,out,0,2,6,94.1,10.0,169.0,line_drive,medium,1,,
823854,64,field_out,out,0,2,6,73.4,-6.0,16.0,ground_ball,medium,1,,
823854,65,field_out,out,0,2,6,66.0,72.0,90.0,popup,medium,1,,
823854,66,field_out,out,0,2,6,95.9,3.0,78.0,ground_ball,medium,1,,
823854,67,field_out,out,0,2,6,96.7,29.0,366.0,fly_ball,medium,1,,
823854,68,double,hit,0,2,6,93.5,18.0,257.0,line_drive,medium,1,,
823854,69,field_out,out,0,2,6,70.3,59.0,159.0,popup,medium,1,,
823854,70,double,hit,1,3,6,103.1,23.0,396.0,fly_ball,hard,1,,
823854,71,single,hit,0,3,6,96.4,5.0,131.0,ground_ball,medium,1,,
823854,72,field_out,out,0,3,6,77.5,53.0,208.0,fly_ball,medium,1,,
823854,73,field_out,out,0,3,6,99.8,28.0,390.0,fly_ball,medium,1,,
823854,75,field_out,out,0,3,6,87.4,33.0,302.0,fly_ball,medium,1,,
823854,76,field_out,out,0,3,6,80.3,41.0,282.0,fly_ball,medium,1,,
823937,0,field_out,out,0,0,0,89.0,-22.0,5.0,ground_ball,medium,1,,
823937,1,field_out,out,0,0,0,96.6,-5.0,25.0,ground_ball,medium,1,,
823937,3,field_out,out,0,0,0,79.8,-46.0,2.0,ground_ball,medium,1,,
823937,4,field_out,out,0,0,0,101.5,63.0,185.0,popup,hard,1,,
823937,7,single,hit,0,0,0,95.8,11.0,266.0,line_drive,medium,1,,
823937,8,single,hit,0,0,0,102.4,16.0,302.0,line_drive,hard,1,,
823937,9,force_out,out,1,1,0,54.3,-38.0,4.0,ground_ball,soft,1,,
823937,12,field_out,out,0,1,0,96.1,48.0,298.0,fly_ball,medium,1,,
823937,13,field_out,out,0,1,0,88.5,28.0,324.0,fly_ball,medium,1,,
823937,15,field_out,out,0,1,0,88.5,22.0,301.0,line_drive,medium,1,,
823937,16,field_out,out,0,1,0,83.5,26.0,271.0,fly_ball,medium,1,,
823937,18,field_out,out,0,1,0,82.7,53.0,206.0,fly_ball,medium,1,,
823937,21,single,hit,0,1,0,99.5,16.0,291.0,line_drive,medium,1,,
823937,22,single,hit,0,1,0,98.9,-12.0,14.0,ground_ball,medium,1,,
823937,23,force_out,out,0,1,0,25.8,-62.0,2.0,bunt_grounder,soft,1,,
823937,26,double,hit,2,3,0,84.5,2.0,45.0,ground_ball,medium,1,,
823937,29,field_out,out,0,3,0,86.6,49.0,265.0,fly_ball,medium,1,,
823937,30,field_out,out,0,3,0,101.4,42.0,356.0,fly_ball,hard,1,,
823937,31,field_out,out,0,3,0,77.5,-3.0,26.0,ground_ball,medium,1,,
823937,32,field_out,out,0,3,0,81.2,8.0,87.0,ground_ball,medium,1,,
823937,33,single,hit,0,3,0,86.4,19.0,251.0,line_drive,medium,1,,
823937,34,field_out,out,0,3,0,96.0,-28.0,3.0,ground_ball,medium,1,,
823937,35,field_out,out,0,3,0,83.6,-32.0,5.0,ground_ball,medium,1,,
823937,36,field_out,out,0,3,0,89.7,68.0,122.0,popup,medium,1,,
823937,37,single,hit,0,3,0,65.8,30.0,220.0,fly_ball,medium,1,,
823937,39,field_out,out,0,3,0,42.4,-44.0,3.0,ground_ball,soft,1,True,MJ
823937,41,field_out,out,0,3,0,73.2,-58.0,2.0,ground_ball,medium,1,True,MJ
823937,42,field_out,out,0,3,0,86.4,-6.0,28.0,ground_ball,medium,1,,
823937,43,field_out,out,0,3,0,95.7,52.0,254.0,fly_ball,medium,1,,
823937,44,field_out,out,0,3,0,69.9,3.0,44.0,ground_ball,medium,1,,
823937,45,field_out,out,0,3,0,93.9,36.0,304.0,fly_ball,medium,1,,
823937,49,field_out,out,0,3,0,65.8,21.0,181.0,line_drive,medium,1,,
823937,50,field_out,out,0,3,0,101.8,5.0,104.0,ground_ball,hard,1,,
823937,52,field_out,out,0,3,0,100.6,28.0,393.0,fly_ball,hard,1,,
823937,56,field_out,out,0,3,0,91.4,67.0,159.0,popup,medium,1,False,MJ
823937,57,single,hit,0,3,0,92.4,9.0,133.0,ground_ball,medium,1,,
823937,60,field_out,out,0,3,0,96.6,44.0,332.0,fly_ball,medium,1,,
823937,61,field_out,out,0,3,0,87.8,62.0,186.0,popup,medium,1,,
823937,62,field_out,out,0,3,0,,,,ground_ball,medium,0,,
823937,63,single,hit,0,3,0,84.7,-1.0,45.0,ground_ball,medium,1,,
823937,65,home_run,hit,1,3,1,114.6,40.0,413.0,fly_ball,medium,1,,
823937,66,field_out,out,0,3,1,91.8,21.0,329.0,line_drive,medium,1,,
823937,68,single,hit,0,3,1,85.0,6.0,99.0,ground_ball,medium,1,False,MF
823937,69,field_out,out,0,3,1,89.1,30.0,313.0,fly_ball,medium,1,False,MJ
823937,70,field_error,error,0,3,2,101.8,17.0,290.0,line_drive,hard,1,,
824263,0,home_run,hit,1,1,0,100.2,28.0,393.0,fly_ball,medium,1,,
824263,1,field_out,out,0,1,0,51.3,-46.0,4.0,ground_ball,medium,1,,
824263,2,field_out,out,0,1,0,98.1,56.0,253.0,fly_ball,medium,1,,
824263,3,field_out,out,0,1,0,90.9,44.0,312.0,fly_ball,medium,1,,
824263,4,field_out,out,0,1,0,100.2,-8.0,16.0,ground_ball,medium,1,,
824263,5,field_out,out,0,1,0,75.8,18.0,190.0,line_drive,medium,1,,
824263,7,field_out,out,0,1,0,79.1,62.0,164.0,popup,medium,1,,
824263,8,field_out,out,0,1,0,97.1,-7.0,24.0,ground_ball,medium,1,,
824263,11,field_out,out,0,1,0,93.8,-13.0,9.0,ground_ball,medium,1,,
824263,13,field_out,out,0,1,0,99.8,-9.0,12.0,ground_ball,medium,1,,
824263,14,field_out,out,0,1,0,82.1,40.0,288.0,fly_ball,medium,1,,
824263,16,field_out,out,0,1,0,86.4,50.0,245.0,fly_ball,medium,1,,
824263,17,field_out,out,0,1,0,90.9,-16.0,8.0,ground_ball,medium,1,,
824263,18,field_out,out,0,1,0,93.7,37.0,320.0,fly_ball,medium,1,,
824263,21,field_out,out,0,1,0,93.8,48.0,304.0,fly_ball,medium,1,,
824263,22,field_out,out,0,1,0,80.7,-29.0,6.0,ground_ball,medium,1,,
824263,23,field_out,out,0,1,0,87.3,-8.0,15.0,ground_ball,medium,1,,
824263,25,field_out,out,0,1,0,82.1,76.0,79.0,popup,medium,1,,
824263,27,field_out,out,0,1,0,56.0,35.0,167.0,line_drive,medium,1,,
824263,30,field_out,out,0,1,0,90.2,60.0,239.0,fly_ball,medium,1,,
824263,35,field_out,out,0,1,0,85.7,46.0,264.0,fly_ball,medium,1,,
824263,36,field_out,out,0,1,0,90.9,-19.0,10.0,ground_ball,medium,1,,
824263,38,single,hit,0,1,0,102.8,11.0,186.0,line_drive,hard,1,,
824263,39,single,hit,1,1,1,94.4,10.0,198.0,line_drive,medium,1,,
824263,40,field_out,out,0,1,1,85.0,56.0,205.0,popup,medium,1,,
824263,41,field_out,out,0,1,1,103.6,-1.0,40.0,ground_ball,medium,1,,
824263,44,field_out,out,0,1,1,96.0,39.0,347.0,fly_ball,medium,1,,
824263,45,double,hit,0,1,1,103.0,18.0,375.0,line_drive,hard,1,,
824263,46,single,hit,1,1,2,99.0,7.0,130.0,ground_ball,medium,1,,
824263,47,field_out,out,0,1,2,94.6,40.0,319.0,fly_ball,medium,1,,
824263,48,single,hit,1,1,3,102.5,15.0,266.0,line_drive,hard,1,,
824263,50,field_out,out,0,1,3,95.9,12.0,166.0,line_drive,medium,1,,
824263,51,field_out,out,0,1,3,98.4,3.0,65.0,ground_ball,medium,1,,
824263,52,double,hit,0,1,3,66.3,7.0,80.0,ground_ball,medium,1,,
824263,54,field_out,out,0,1,3,96.7,0.0,53.0,ground_ball,medium,1,,
824263,55,home_run,hit,1,1,4,105.8,25.0,430.0,fly_ball,medium,1,,
824263,57,field_out,out,0,1,4,93.0,42.0,320.0,fly_ball,medium,1,,
824263,58,field_out,out,0,1,4,100.8,-4.0,25.0,ground_ball,medium,1,,
824263,59,single,hit,0,1,4,103.9,14.0,245.0,line_drive,hard,1,,
824263,60,force_out,out,0,1,4,96.5,59.0,232.0,fly_ball,medium,1,,
824263,61,field_out,out,0,1,4,76.7,54.0,192.0,popup,medium,1,,
824263,63,single,hit,0,1,4,100.8,-0.0,50.0,ground_ball,medium,1,,
824263,64,field_out,out,0,1,4,98.2,50.0,301.0,fly_ball,medium,1,,
824263,66,field_out,out,0,1,4,89.7,50.0,272.0,fly_ball,medium,1,,
824263,67,field_out,out,0,1,4,58.0,-48.0,3.0,ground_ball,medium,1,,
824263,68,single,hit,0,1,4,43.3,-75.0,3.0,bunt_grounder,soft,1,,
824263,69,field_out,out,0,1,4,81.8,77.0,92.0,popup,medium,1,,
824263,71,field_out,out,0,1,4,98.3,21.0,368.0,line_drive,medium,1,,
824581,1,field_out,out,0,0,0,82.4,-26.0,6.0,ground_ball,medium,1,,
824581,2,field_out,out,0,0,0,98.8,-22.0,6.0,ground_ball,medium,1,,
824581,3,field_out,out,0,0,0,99.1,41.0,324.0,fly_ball,medium,1,,
824581,4,field_out,out,0,0,0,103.8,19.0,311.0,line_drive,hard,1,,
824581,5,field_out,out,0,0,0,89.0,-19.0,7.0,ground_ball,medium,1,,
824581,6,field_out,out,0,0,0,73.3,78.0,31.0,popup,medium,1,,
824581,7,single,hit,0,0,0,100.3,4.0,78.0,ground_ball,hard,1,,
824581,8,double,hit,0,0,0,87.8,27.0,306.0,line_drive,medium,1,,
824581,11,field_error,error,0,0,0,62.7,4.0,56.0,ground_ball,medium,1,,
824581,13,grounded_into_double_play,out,0,0,0,92.3,2.0,82.0,ground_ball,medium,1,,
824581,14,single,hit,0,0,0,109.2,-16.0,9.0,ground_ball,hard,1,,
824581,15,field_out,out,0,0,0,88.4,70.0,106.0,popup,medium,1,,
824581,16,field_out,out,0,0,0,66.7,83.0,61.0,popup,medium,1,,
824581,17,field_out,out,0,0,0,79.9,24.0,281.0,line_drive,medium,1,,
824581,18,field_error,error,0,0,0,95.8,-1.0,36.0,ground_ball,medium,1,,
824581,19,field_out,out,0,0,0,83.7,3.0,66.0,ground_ball,medium,1,,
824581,21,field_out,out,0,0,0,39.5,29.0,87.0,ground_ball,soft,1,,
824581,22,field_out,out,0,0,0,96.1,32.0,353.0,fly_ball,medium,1,,
824581,24,grounded_into_double_play,out,0,0,0,100.5,-12.0,11.0,ground_ball,hard,1,,
824581,25,single,hit,0,0,0,84.9,13.0,172.0,line_drive,medium,1,,
824581,26,field_out,out,0,0,0,102.6,33.0,391.0,fly_ball,hard,1,,
824581,27,single,hit,0,0,0,73.3,20.0,184.0,line_drive,medium,1,,
824581,28,field_out,out,0,0,0,80.8,47.0,233.0,fly_ball,medium,1,,
824581,29,field_out,out,0,0,0,83.5,26.0,277.0,line_drive,medium,1,,
824581,30,field_out,out,0,0,0,79.6,27.0,296.0,line_drive,medium,1,,
824581,31,field_out,out,0,0,0,80.2,-11.0,9.0,ground_ball,medium,1,,
824581,32,single,hit,0,0,0,98.4,-12.0,16.0,ground_ball,medium,1,,
824581,35,field_out,out,0,0,0,88.9,-49.0,2.0,ground_ball,medium,1,,
824581,36,double,hit,0,0,0,117.2,8.0,183.0,line_drive,hard,1,,
824581,37,field_out,out,0,0,0,87.7,71.0,119.0,popup,medium,1,,
824581,39,field_out,out,0,0,0,86.2,44.0,279.0,fly_ball,medium,1,,
824581,40,field_out,out,0,0,0,85.9,44.0,292.0,fly_ball,medium,1,,
824581,41,field_out,out,0,0,0,92.9,39.0,339.0,fly_ball,medium,1,,
824581,42,single,hit,0,0,0,47.9,-1.0,26.0,bunt_grounder,medium,1,,
824581,45,fielders_choice_out,fielders_choice,0,0,0,29.6,-47.0,4.0,bunt_grounder,medium,1,,
824581,47,single,hit,1,1,0,108.5,10.0,222.0,line_drive,hard,1,,
824581,48,single,hit,0,1,0,97.5,10.0,204.0,line_drive,medium,1,,
824581,50,single,hit,0,1,0,69.0,13.0,124.0,ground_ball,medium,1,,
824581,51,force_out,out,1,1,1,105.1,-27.0,6.0,ground_ball,hard,1,,
824581,53,field_out,out,0,1,1,99.6,-26.0,6.0,ground_ball,medium,1,,
824581,56,field_out,out,0,1,1,80.9,77.0,49.0,popup,medium,1,,
824581,58,single,hit,0,1,1,84.3,17.0,226.0,line_drive,medium,1,,
824581,60,field_out,out,0,1,1,59.4,-27.0,6.0,ground_ball,soft,1,,
824581,62,field_out,out,0,1,1,92.3,41.0,311.0,fly_ball,medium,1,,
824581,64,single,hit,0,1,1,71.6,25.0,221.0,fly_ball,medium,1,,
824581,65,single,hit,0,1,1,87.4,-0.0,45.0,ground_ball,medium,1,,
824581,66,single,hit,0,1,1,22.5,46.0,20.0,bunt_grounder,medium,1,,
824581,68,single,hit,1,1,2,102.3,3.0,100.0,ground_ball,hard,1,,
824738,2,grounded_into_double_play,out,0,0,0,101.0,-2.0,31.0,ground_ball,medium,1,,
824738,4,field_out,out,0,0,0,95.1,-13.0,12.0,ground_ball,medium,1,,
824738,6,field_out,out,0,0,0,100.9,56.0,280.0,fly_ball,hard,1,,
824738,7,double,hit,0,0,0,94.3,-0.0,52.0,ground_ball,medium,1,,
824738,8,single,hit,1,1,0,93.0,-16.0,11.0,ground_ball,medium,1,,
824738,10,field_out,out,0,1,0,77.1,54.0,227.0,fly_ball,medium,1,,
824738,11,single,hit,1,2,0,72.1,15.0,153.0,line_drive,medium,1,,
824738,12,field_out,out,0,2,0,62.5,-29.0,6.0,ground_ball,medium,1,,
824738,13,field_out,out,0,2,0,105.9,-3.0,31.0,ground_ball,medium,1,,
824738,16,home_run,hit,2,2,2,105.0,32.0,407.0,fly_ball,medium,1,,
824738,18,field_out,out,0,2,2,61.4,63.0,135.0,popup,medium,1,,
824738,19,field_out,out,0,2,2,71.9,28.0,247.0,fly_ball,medium,1,,
824738,20,single,hit,0,2,2,92.7,4.0,87.0,ground_ball,medium,1,,
824738,23,field_out,out,0,2,2,73.2,64.0,136.0,popup,medium,1,,
824738,24,home_run,hit,1,2,3,108.5,25.0,435.0,fly_ball,medium,1,,
824738,25,field_out,out,0,2,3,53.7,75.0,67.0,popup,soft,1,,
824738,26,double,hit,0,2,3,90.6,29.0,333.0,fly_ball,medium,1,,
824738,27,field_out,out,0,3,3,70.2,-23.0,8.0,ground_ball,medium,1,,
824738,28,home_run,hit,1,4,3,107.7,23.0,404.0,fly_ball,medium,1,,
824738,30,double,hit,0,4,3,87.9,37.0,319.0,fly_ball,medium,1,,
824738,31,single,hit,1,5,3,90.7,13.0,224.0,line_drive,medium,1,,
824738,32,double,hit,0,5,3,102.2,13.0,285.0,line_drive,hard,1,,
824738,35,double,hit,0,5,3,84.4,20.0,235.0,line_drive,medium,1,,
824738,36,field_out,out,0,5,3,68.3,78.0,74.0,popup,medium,1,,
824738,37,field_out,out,0,5,3,105.1,3.0,94.0,ground_ball,medium,1,,
824738,38,field_out,out,0,5,3,101.6,-6.0,14.0,ground_ball,medium,1,,
824738,41,field_out,out,0,5,3,69.5,-4.0,18.0,ground_ball,medium,1,,
824738,42,field_out,out,0,5,3,80.1,26.0,237.0,line_drive,medium,1,,
824738,43,field_out,out,0,5,3,91.0,46.0,272.0,fly_ball,medium,1,,
824738,45,field_out,out,0,5,3,89.0,41.0,308.0,fly_ball,medium,1,,
824738,47,field_out,out,0,5,3,88.1,27.0,315.0,fly_ball,medium,1,,
824738,48,field_out,out,0,5,3,94.5,47.0,293.0,fly_ball,medium,1,,
824738,50,field_out,out,0,5,3,73.8,-30.0,6.0,ground_ball,medium,1,,
824738,51,home_run,hit,1,6,3,102.7,22.0,394.0,line_drive,medium,1,,
824738,52,field_out,out,0,6,3,114.4,-2.0,39.0,ground_ball,medium,1,,
824738,53,double,hit,0,6,3,94.4,14.0,266.0,line_drive,medium,1,,
824738,54,field_error,error,0,6,3,94.4,-27.0,5.0,ground_ball,medium,1,,
824738,55,field_out,out,1,6,4,69.4,-17.0,8.0,ground_ball,medium,1,,
824738,57,double,hit,1,6,5,88.5,31.0,353.0,fly_ball,medium,1,,
824738,58,home_run,hit,2,6,7,103.7,28.0,412.0,fly_ball,medium,1,,
824738,60,field_out,out,0,6,7,97.9,54.0,286.0,fly_ball,medium,1,,
824738,61,field_out,out,0,6,7,82.5,54.0,237.0,fly_ball,medium,1,,
824738,62,field_out,out,0,6,7,84.3,25.0,284.0,line_drive,medium,1,,
824738,63,field_out,out,0,6,7,71.9,-33.0,4.0,ground_ball,medium,1,,
824738,64,field_out,out,0,6,7,50.2,64.0,89.0,popup,soft,1,,
824738,65,field_out,out,0,6,7,93.5,22.0,317.0,line_drive,medium,1,,
824738,67,field_out,out,0,6,7,91.3,81.0,53.0,popup,medium,1,,
824738,68,field_out,out,0,6,7,58.2,-59.0,3.0,ground_ball,soft,1,,
824738,71,field_out,out,0,6,7,82.5,-22.0,9.0,ground_ball,medium,1,,
824823,0,field_out,out,0,0,0,104.8,17.0,328.0,line_drive,hard,1,,
824823,1,single,hit,0,0,0,96.1,3.0,72.0,ground_ball,medium,1,,
824823,2,field_out,out,0,0,0,105.6,16.0,368.0,line_drive,medium,1,,
824823,6,field_out,out,0,0,0,85.0,27.0,,fly_ball,medium,0,,
824823,8,single,hit,0,0,0,34.1,-58.0,6.0,bunt_grounder,soft,1,,
824823,9,field_out,out,0,0,0,91.1,-45.0,3.0,ground_ball,medium,1,,
824823,11,double,hit,1,1,0,73.7,1.0,43.0,ground_ball,medium,1,,
824823,12,single,hit,1,2,0,97.8,-16.0,8.0,ground_ball,medium,1,,
824823,13,field_out,out,0,2,0,91.6,43.0,320.0,fly_ball,medium,1,,
824823,14,single,hit,0,2,0,97.5,17.0,296.0,line_drive,medium,1,,
824823,16,field_out,out,0,2,0,103.3,46.0,340.0,fly_ball,medium,1,True,MJ
824823,17,single,hit,0,2,0,103.8,7.0,125.0,ground_ball,medium,1,,
824823,20,field_out,out,0,2,0,97.2,-3.0,27.0,ground_ball,medium,1,,
824823,21,field_out,out,0,2,0,71.8,89.0,46.0,popup,medium,1,,
824823,22,single,hit,0,2,0,97.6,15.0,252.0,line_drive,medium,1,False,MJ
824823,23,single,hit,0,2,0,71.3,5.0,61.0,ground_ball,medium,1,,
824823,24,field_out,out,0,2,0,86.9,22.0,311.0,line_drive,medium,1,,
824823,25,field_out,out,0,2,0,73.7,-22.0,8.0,ground_ball,medium,1,,
824823,26,field_out,out,0,2,0,104.9,-2.0,37.0,ground_ball,medium,1,,
824823,28,field_out,out,0,2,0,79.7,-20.0,5.0,ground_ball,medium,1,,
824823,29,field_out,out,0,2,0,96.1,24.0,333.0,fly_ball,medium,1,,
824823,30,field_out,out,0,2,0,69.9,-10.0,15.0,ground_ball,medium,1,,
824823,31,field_out,out,0,2,0,76.7,6.0,73.0,ground_ball,medium,1,,
824823,32,field_out,out,0,2,0,103.3,18.0,322.0,line_drive,hard,1,,
824823,33,field_out,out,0,2,0,77.2,-26.0,4.0,ground_ball,medium,1,,
824823,34,single,hit,0,2,0,27.3,-3.0,16.0,bunt_grounder,soft,1,,
824823,35,field_out,out,0,2,0,88.9,49.0,291.0,fly_ball,medium,1,,
824823,36,force_out,out,0,2,0,89.6,-18.0,8.0,ground_ball,medium,1,,
824823,37,home_run,hit,1,2,1,99.9,39.0,365.0,fly_ball,medium,1,,
824823,38,field_out,out,0,2,1,91.7,-20.0,6.0,ground_ball,medium,1,,
824823,39,field_out,out,0,2,1,99.2,36.0,364.0,fly_ball,medium,1,,
824823,40,single,hit,0,2,1,107.9,6.0,135.0,ground_ball,medium,1,,
824823,42,field_out,out,0,2,1,55.3,-23.0,7.0,ground_ball,medium,1,,
824823,44,grounded_into_double_play,out,0,2,1,76.4,2.0,52.0,ground_ball,medium,1,,
824823,46,single,hit,0,2,1,72.7,39.0,237.0,fly_ball,medium,1,,
824823,47,sac_bunt,out,0,2,1,36.5,-66.0,3.0,bunt_grounder,soft,1,,
824823,52,home_run,hit,2,4,1,106.3,31.0,432.0,fly_ball,medium,1,,
824823,53,field_out,out,0,4,1,80.1,35.0,279.0,fly_ball,medium,1,,
824823,54,field_out,out,0,4,1,86.9,-15.0,12.0,ground_ball,medium,1,,
824823,55,double,hit,0,4,1,90.9,22.0,289.0,line_drive,medium,1,,
824823,56,field_out,out,0,4,1,95.5,6.0,107.0,ground_ball,medium,1,,
824823,57,single,hit,1,4,2,102.3,5.0,112.0,ground_ball,medium,1,,
824823,58,grounded_into_double_play,out,0,4,2,76.2,7.0,113.0,ground_ball,medium,1,,
824823,60,force_out,out,0,4,2,88.7,-22.0,6.0,ground_ball,medium,1,,
824823,61,single,hit,0,4,2,109.3,12.0,246.0,line_drive,medium,1,,
824823,62,force_out,out,0,4,2,84.5,-18.0,9.0,ground_ball,medium,1,,
824823,63,field_out,out,0,4,2,85.2,-34.0,4.0,ground_ball,medium,1,,
824823,64,field_out,out,0,4,2,83.5,-16.0,7.0,ground_ball,medium,1,,
824823,65,single,hit,0,4,2,66.8,-46.0,2.0,ground_ball,soft,1,,
824823,67,field_error,error,0,4,2,96.9,-1.0,36.0,ground_ball,medium,1,,
824823,69,fielders_choice,fielders_choice,0,4,2,103.3,-19.0,7.0,ground_ball,medium,1,,
824823,70,sac_fly,out,1,5,2,107.2,13.0,279.0,line_drive,medium,1,True,MA
824823,71,single,hit,0,5,2,88.2,18.0,274.0,line_drive,medium,1,,
824823,75,field_out,out,0,5,2,87.3,20.0,286.0,line_drive,medium,1,,
824825,1,field_out,out,0,0,0,86.2,33.0,283.0,fly_ball,medium,1,,
824825,3,field_out,out,0,0,0,90.3,31.0,329.0,fly_ball,medium,1,,
824825,9,field_out,out,0,0,0,95.9,45.0,306.0,fly_ball,medium,1,,
824825,10,double,hit,0,0,0,92.6,25.0,352.0,fly_ball,medium,1,,
824825,11,single,hit,1,1,0,65.5,10.0,107.0,ground_ball,medium,1,,
824825,13,field_out,out,0,1,0,93.3,50.0,245.0,fly_ball,medium,1,,
824825,14,single,hit,0,1,0,105.6,10.0,182.0,line_drive,hard,1,,
824825,16,force_out,out,0,1,0,84.0,-25.0,7.0,ground_ball,medium,1,,
824825,17,single,hit,1,1,1,81.4,12.0,193.0,line_drive,medium,1,,
824825,20,single,hit,0,1,1,108.1,2.0,78.0,ground_ball,medium,1,,
824825,21,force_out,out,0,1,1,80.1,2.0,66.0,ground_ball,medium,1,,
824825,27,field_out,out,0,1,1,65.7,22.0,182.0,line_drive,medium,1,,
824825,28,single,hit,0,1,1,99.9,14.0,256.0,line_drive,medium,1,,
824825,29,single,hit,0,1,1,91.5,7.0,122.0,ground_ball,medium,1,,
824825,32,field_out,out,0,1,1,80.7,-5.0,19.0,ground_ball,medium,1,,
824825,33,field_out,out,0,1,1,99.8,-6.0,21.0,ground_ball,medium,1,,
824825,34,field_out,out,0,1,1,85.2,44.0,268.0,fly_ball,medium,1,,
824825,35,home_run,hit,1,2,1,114.0,24.0,418.0,fly_ball,medium,1,,
824825,36,double,hit,0,2,1,109.0,4.0,112.0,ground_ball,medium,1,,
824825,38,field_out,out,0,2,1,86.0,35.0,294.0,fly_ball,medium,1,,
824825,40,single,hit,0,2,1,94.0,15.0,270.0,line_drive,medium,1,,
824825,41,field_out,out,0,2,1,61.1,70.0,83.0,popup,medium,1,,
824825,42,field_out,out,0,2,1,56.8,53.0,146.0,popup,medium,1,,
824825,43,force_out,out,0,2,1,85.4,-11.0,12.0,ground_ball,medium,1,,
824825,44,field_error,error,0,2,1,54.1,-11.0,11.0,ground_ball,medium,1,,
824825,46,single,hit,1,3,1,97.0,-10.0,14.0,ground_ball,medium,1,,
824825,47,field_out,out,0,3,1,95.0,38.0,316.0,fly_ball,medium,1,,
824825,48,double,hit,0,3,1,105.7,7.0,146.0,line_drive,medium,1,,
824825,49,field_out,out,0,3,1,83.4,25.0,265.0,line_drive,medium,1,,
824825,51,field_out,out,0,3,1,87.1,43.0,299.0,fly_ball,medium,1,,
824825,52,field_out,out,0,3,1,66.4,67.0,117.0,popup,medium,1,,
824825,55,field_out,out,0,3,1,97.4,39.0,337.0,fly_ball,medium,1,,
824825,56,field_out,out,0,3,1,53.1,-63.0,3.0,ground_ball,soft,1,,
824825,57,field_out,out,0,3,1,79.3,78.0,92.0,popup,medium,1,True,MJ
824825,58,field_out,out,0,3,1,99.9,23.0,339.0,line_drive,medium,1,,
824825,59,field_out,out,0,3,1,82.8,-9.0,17.0,ground_ball,medium,1,,
824825,60,field_out,out,0,3,1,80.1,39.0,274.0,fly_ball,medium,1,,
824825,61,single,hit,0,3,1,78.8,-8.0,13.0,ground_ball,medium,1,,
824825,63,single,hit,0,3,1,69.9,40.0,223.0,fly_ball,medium,1,,
824825,65,field_out,out,0,3,1,91.4,-29.0,4.0,ground_ball,medium,1,,
824825,66,double,hit,1,3,2,111.3,23.0,367.0,fly_ball,hard,1,,
824825,67,single,hit,1,3,3,103.6,6.0,153.0,ground_ball,medium,1,,
824825,68,field_out,out,0,3,3,92.8,11.0,184.0,line_drive,medium,1,True,MJ
824825,69,single,hit,0,3,3,97.5,13.0,239.0,line_drive,medium,1,,
824825,70,field_out,out,0,3,3,95.5,37.0,341.0,fly_ball,medium,1,,
824825,75,field_out,out,0,3,3,90.5,-10.0,17.0,ground_ball,medium,1,,
824825,76,single,hit,1,4,3,93.2,2.0,48.0,ground_ball,medium,1,,
824825,77,single,hit,0,4,3,48.1,-77.0,1.0,ground_ball,soft,1,,
824825,79,force_out,out,0,4,3,67.0,-12.0,13.0,ground_ball,medium,1,,
824825,80,field_out,out,0,4,3,91.9,43.0,319.0,fly_ball,medium,1,,
824825,81,field_out,out,0,4,3,72.5,-39.0,3.0,ground_ball,medium,1,False,MJ
824825,82,fielders_choice_out,fielders_choice,0,4,3,97.3,-15.0,9.0,ground_ball,medium,1,,
824825,83,single,hit,0,4,3,92.3,13.0,224.0,line_drive,medium,1,,
824825,85,field_out,out,0,4,3,77.0,-4.0,18.0,ground_ball,medium,1,,
824890,0,field_out,out,0,0,0,87.6,72.0,137.0,popup,medium,1,,
824890,1,field_out,out,0,0,0,70.5,-43.0,4.0,ground_ball,soft,1,,
824890,2,field_out,out,0,0,0,94.9,21.0,338.0,line_drive,medium,1,,
824890,3,field_out,out,0,0,0,97.7,43.0,361.0,fly_ball,medium,1,,
824890,4,home_run,hit,1,0,1,103.9,33.0,419.0,fly_ball,medium,1,,
824890,5,home_run,hit,1,0,2,106.2,25.0,372.0,fly_ball,medium,1,,
824890,7,single,hit,0,0,2,101.3,15.0,269.0,line_drive,hard,1,,
824890,8,field_out,out,0,0,2,81.2,-8.0,20.0,ground_ball,medium,1,,
824890,11,field_out,out,0,0,2,83.8,-25.0,4.0,ground_ball,medium,1,,
824890,12,field_out,out,0,0,2,102.5,36.0,397.0,fly_ball,hard,1,,
824890,13,double,hit,0,0,2,75.9,59.0,200.0,fly_ball,medium,1,,
824890,14,field_out,out,0,0,2,88.1,37.0,301.0,fly_ball,medium,1,,
824890,15,single,hit,1,0,3,104.9,6.0,139.0,line_drive,medium,1,,
824890,16,force_out,out,0,0,3,101.3,-12.0,10.0,ground_ball,medium,1,,
824890,17,field_error,error,0,0,3,100.4,-1.0,41.0,ground_ball,medium,1,,
824890,19,grounded_into_double_play,out,0,0,3,69.2,-26.0,5.0,ground_ball,medium,1,,
824890,20,field_out,out,0,0,3,66.6,0.0,37.0,ground_ball,medium,1,,
824890,21,field_out,out,0,0,3,108.8,-4.0,22.0,ground_ball,medium,1,True,MJ
824890,22,field_out,out,0,0,3,57.3,-34.0,3.0,ground_ball,medium,1,,
824890,23,field_out,out,0,0,3,100.6,10.0,173.0,line_drive,hard,1,,
824890,25,force_out,out,0,0,3,90.3,-18.0,9.0,ground_ball,medium,1,,
824890,26,field_error,error,0,0,3,106.1,3.0,93.0,ground_ball,medium,1,,
824890,28,home_run,hit,1,0,4,104.8,27.0,403.0,fly_ball,medium,1,True,MJ
824890,29,field_out,out,0,0,4,103.3,-12.0,12.0,ground_ball,medium,1,,
824890,30,field_out,out,0,0,4,105.2,11.0,186.0,line_drive,hard,1,,
824890,31,single,hit,0,0,4,98.2,-7.0,14.0,ground_ball,medium,1,,
824890,33,field_out,out,0,0,4,82.5,-16.0,10.0,ground_ball,medium,1,,
824890,34,field_out,out,0,0,4,83.0,-12.0,12.0,ground_ball,medium,1,,
824890,35,field_out,out,0,0,4,83.1,-8.0,14.0,ground_ball,medium,1,,
824890,38,field_out,out,0,0,4,77.7,69.0,114.0,popup,medium,1,,
824890,39,field_out,out,0,0,4,99.6,-7.0,16.0,ground_ball,medium,1,,
824890,40,field_out,out,0,0,4,84.9,55.0,208.0,popup,medium,1,,
824890,42,field_out,out,0,0,4,56.6,-74.0,2.0,ground_ball,soft,1,,
824890,43,field_out,out,0,0,4,67.9,63.0,123.0,popup,medium,1,,
824890,45,single,hit,0,0,4,84.0,-12.0,11.0,ground_ball,medium,1,,
824890,46,double,hit,0,0,4,101.1,13.0,210.0,line_drive,hard,1,,
824890,47,field_out,out,0,0,4,76.0,-9.0,10.0,ground_ball,medium,1,,
824890,49,field_out,out,0,0,4,57.5,-8.0,17.0,ground_ball,medium,1,,
824890,50,single,hit,0,0,4,100.8,9.0,199.0,line_drive,hard,1,,
824890,52,field_out,out,0,0,4,98.0,21.0,351.0,line_drive,medium,1,,
824890,54,fielders_choice,fielders_choice,0,0,4,101.6,-9.0,18.0,ground_ball,medium,1,,
824890,56,field_out,out,0,0,4,75.5,78.0,65.0,popup,medium,1,,
824890,59,double,hit,2,0,8,94.9,20.0,344.0,line_drive,medium,1,,
824890,61,field_out,out,0,0,8,84.9,30.0,276.0,fly_ball,medium,1,,
824890,62,field_out,out,0,0,8,93.4,-25.0,6.0,ground_ball,medium,1,,
824890,65,double,hit,1,1,8,104.4,18.0,368.0,line_drive,hard,1,,
824890,66,single,hit,2,3,8,102.8,7.0,174.0,line_drive,medium,1,,
824890,67,field_out,out,0,3,8,99.7,-12.0,12.0,ground_ball,medium,1,True,MF
824890,68,field_out,out,0,3,8,85.9,-25.0,4.0,ground_ball,medium,1,,
824890,69,field_out,out,0,3,8,102.0,-6.0,13.0,ground_ball,medium,1,,
824890,71,field_out,out,0,3,8,90.2,49.0,252.0,fly_ball,medium,1,,
824890,72,field_out,out,0,3,8,73.2,76.0,88.0,popup,medium,1,,
824890,73,double,hit,0,3,8,107.3,17.0,310.0,line_drive,hard,1,,
824890,74,field_out,out,0,3,8,98.1,43.0,345.0,fly_ball,medium,1,,
824903,0,field_out,out,0,0,0,93.8,-12.0,9.0,ground_ball,medium,1,,
824903,1,single,hit,0,0,0,104.9,7.0,179.0,line_drive,medium,1,,
824903,2,grounded_into_double_play,out,0,0,0,99.6,1.0,75.0,ground_ball,medium,1,,
824903,3,field_out,out,0,0,0,97.6,-21.0,7.0,ground_ball,medium,1,,
824903,4,field_out,out,0,0,0,103.1,30.0,358.0,fly_ball,hard,1,,
824903,5,double,hit,0,0,0,86.6,28.0,296.0,fly_ball,medium,1,,
824903,9,grounded_into_double_play,out,0,0,0,103.4,-5.0,23.0,ground_ball,medium,1,,
824903,10,field_out,out,0,0,0,112.2,18.0,348.0,line_drive,hard,1,,
824903,11,field_out,out,0,0,0,62.8,17.0,124.0,ground_ball,medium,1,,
824903,12,home_run,hit,1,0,1,93.5,29.0,358.0,fly_ball,medium,1,,
824903,15,field_out,out,0,0,1,96.0,-27.0,6.0,ground_ball,medium,1,,
824903,16,field_out,out,0,0,1,79.4,61.0,163.0,popup,medium,1,,
824903,18,field_out,out,0,0,1,78.3,-2.0,37.0,ground_ball,medium,1,,
824903,20,field_out,out,0,0,1,82.3,52.0,230.0,fly_ball,medium,1,,
824903,21,single,hit,0,0,1,96.4,7.0,129.0,ground_ball,medium,1,,
824903,23,single,hit,1,0,2,108.5,13.0,264.0,line_drive,hard,1,,
824903,24,field_error,error,0,0,5,78.2,54.0,226.0,fly_ball,medium,1,,
824903,25,field_out,out,0,0,5,99.8,-2.0,34.0,ground_ball,medium,1,,
824903,26,single,hit,0,0,5,95.7,13.0,183.0,line_drive,medium,1,,
824903,27,fielders_choice,fielders_choice,0,0,5,77.5,11.0,130.0,ground_ball,medium,1,,
824903,28,field_out,out,0,0,5,83.2,25.0,299.0,line_drive,medium,1,,
824903,29,field_out,out,0,0,5,90.3,56.0,243.0,fly_ball,medium,1,,
824903,30,field_out,out,0,0,5,104.4,-2.0,45.0,ground_ball,medium,1,,
824903,31,field_out,out,0,0,5,100.7,-10.0,17.0,ground_ball,medium,1,,
824903,32,home_run,hit,1,0,6,95.0,27.0,365.0,fly_ball,medium,1,,
824903,33,field_out,out,0,0,6,96.8,-3.0,30.0,ground_ball,medium,1,,
824903,34,field_out,out,0,0,6,82.8,49.0,246.0,fly_ball,medium,1,,
824903,36,field_out,out,0,0,6,60.9,-75.0,1.0,ground_ball,medium,1,,
824903,37,home_run,hit,1,1,6,104.1,28.0,404.0,fly_ball,medium,1,,
824903,39,single,hit,0,1,6,109.4,2.0,67.0,ground_ball,medium,1,,
824903,40,field_out,out,0,1,6,52.3,36.0,153.0,popup,soft,1,,
824903,43,field_out,out,0,1,6,86.4,37.0,309.0,fly_ball,medium,1,,
824903,44,single,hit,0,1,6,95.8,0.0,64.0,ground_ball,medium,1,,
824903,45,home_run,hit,2,3,6,104.1,30.0,396.0,fly_ball,medium,1,False,MJ
824903,46,single,hit,0,3,6,92.4,3.0,83.0,line_drive,medium,1,,
824903,52,double,hit,1,3,7,105.3,21.0,400.0,line_drive,hard,1,,
824903,53,single,hit,0,3,7,23.3,32.0,37.0,bunt_grounder,soft,1,,
824903,54,field_out,out,1,3,8,68.3,-16.0,7.0,ground_ball,medium,1,,
824903,55,field_out,out,0,3,8,77.9,4.0,62.0,ground_ball,medium,1,,
824903,56,field_out,out,0,3,8,72.0,-49.0,3.0,ground_ball,medium,1,,
824903,59,force_out,out,0,3,8,55.0,-21.0,8.0,ground_ball,medium,1,,
824903,61,field_out,out,0,3,8,72.1,-24.0,7.0,ground_ball,medium,1,,
824903,62,field_out,out,0,3,8,94.4,42.0,325.0,fly_ball,medium,1,,
824903,63,single,hit,0,3,8,104.0,13.0,295.0,line_drive,hard,1,,
824903,64,home_run,hit,2,3,10,105.7,31.0,420.0,fly_ball,medium,1,,
824903,67,field_out,out,0,3,10,99.5,29.0,380.0,fly_ball,medium,1,,
824903,68,field_out,out,0,3,10,84.1,74.0,96.0,popup,medium,1,,
824903,69,single,hit,0,3,10,93.0,6.0,111.0,ground_ball,medium,1,,
824903,71,single,hit,0,3,10,107.1,15.0,254.0,line_drive,hard,1,,
824903,74,field_out,out,0,3,10,96.6,70.0,143.0,popup,medium,1,,
824903,76,field_out,out,0,3,10,101.4,17.0,296.0,line_drive,hard,1,,
824903,77,home_run,hit,3,3,13,98.2,26.0,362.0,fly_ball,medium,1,,
824903,78,home_run,hit,1,3,14,98.4,35.0,386.0,fly_ball,medium,1,,
824903,79,single,hit,0,3,14,90.4,15.0,191.0,line_drive,medium,1,,
824903,80,force_out,out,0,3,14,90.8,-17.0,13.0,ground_ball,medium,1,,
824903,82,field_out,out,0,3,14,83.6,65.0,137.0,popup,medium,1,,
824903,83,single,hit,0,3,14,100.8,15.0,284.0,line_drive,hard,1,,
824903,84,field_out,out,0,3,14,89.2,-15.0,9.0,ground_ball,medium,1,,
824994,1,field_error,error,0,0,0,96.7,2.0,61.0,ground_ball,medium,1,,
824994,2,field_out,out,0,0,0,85.7,38.0,334.0,fly_ball,medium,1,True,MJ
824994,3,home_run,hit,2,2,0,106.4,25.0,421.0,fly_ball,medium,1,,
824994,5,field_error,error,0,2,0,74.1,61.0,195.0,popup,medium,1,True,MJ
824994,7,double,hit,1,2,1,96.0,17.0,301.0,line_drive,medium,1,,
824994,8,single,hit,2,2,3,100.0,9.0,163.0,line_drive,hard,1,,
824994,10,single,hit,0,2,3,94.7,15.0,252.0,line_drive,medium,1,,
824994,11,sac_fly,out,1,2,4,91.4,35.0,359.0,fly_ball,medium,1,,
824994,12,field_out,out,0,2,4,83.0,56.0,259.0,fly_ball,medium,1,,
824994,13,single,hit,0,2,4,97.6,12.0,226.0,line_drive,medium,1,,
824994,14,single,hit,0,2,4,65.2,1.0,37.0,ground_ball,medium,1,,
824994,15,field_out,out,1,3,4,76.5,-2.0,33.0,ground_ball,medium,1,,
824994,17,home_run,hit,2,5,4,,,,fly_ball,medium,0,,
824994,18,field_out,out,0,5,4,82.4,42.0,292.0,fly_ball,medium,1,,
824994,19,single,hit,0,5,4,95.2,15.0,289.0,line_drive,medium,1,,
824994,21,double,hit,1,5,5,111.8,7.0,172.0,line_drive,medium,1,,
824994,22,field_out,out,0,5,5,82.1,33.0,305.0,fly_ball,medium,1,,
824994,23,field_out,out,0,5,5,64.3,8.0,89.0,ground_ball,medium,1,False,MJ
824994,24,field_out,out,0,5,5,83.7,-1.0,42.0,ground_ball,medium,1,,
824994,25,field_out,out,0,5,5,86.5,52.0,283.0,fly_ball,medium,1,,
824994,26,field_out,out,0,5,5,84.2,30.0,331.0,fly_ball,medium,1,,
824994,27,field_out,out,0,5,5,59.8,75.0,68.0,popup,soft,1,,
824994,28,field_out,out,0,5,5,104.0,9.0,192.0,line_drive,hard,1,,
824994,29,field_out,out,0,5,5,80.9,77.0,56.0,popup,medium,1,,
824994,30,single,hit,0,5,5,73.5,-45.0,4.0,ground_ball,medium,1,,
824994,31,double,hit,1,6,5,102.6,15.0,315.0,line_drive,medium,1,,
824994,32,home_run,hit,2,8,5,,,,line_drive,medium,0,,
824994,34,field_out,out,0,8,5,77.1,44.0,277.0,fly_ball,medium,1,,
824994,37,single,hit,0,8,5,106.0,5.0,115.0,ground_ball,medium,1,,
824994,38,field_out,out,0,8,5,50.9,-59.0,4.0,ground_ball,medium,1,,
824994,39,field_out,out,1,8,6,74.9,-3.0,20.0,ground_ball,medium,1,,
824994,40,field_out,out,0,8,6,90.5,-35.0,4.0,ground_ball,medium,1,,
824994,41,field_out,out,0,8,6,88.8,73.0,144.0,popup,medium,1,,
824994,42,home_run,hit,1,9,6,,,,line_drive,medium,0,,
824994,43,single,hit,0,9,6,104.4,16.0,307.0,line_drive,hard,1,,
824994,45,single,hit,1,10,6,100.0,24.0,361.0,fly_ball,medium,1,,
824994,46,double,hit,1,11,6,97.5,31.0,400.0,fly_ball,medium,1,,
824994,47,sac_fly,out,1,12,6,95.3,51.0,,fly_ball,medium,0,,
824994,48,single,hit,1,13,6,101.2,14.0,262.0,line_drive,hard,1,,
824994,49,triple,hit,1,14,6,96.6,53.0,317.0,fly_ball,medium,1,,
824994,50,field_out,out,0,14,6,92.3,26.0,336.0,fly_ball,medium,1,,
824994,51,field_out,out,0,14,6,88.6,22.0,309.0,line_drive,medium,1,,
824994,52,double,hit,0,14,6,93.3,62.0,237.0,fly_ball,medium,1,,
824994,53,field_out,out,0,14,6,90.9,4.0,87.0,ground_ball,medium,1,,
824994,54,home_run,hit,2,14,8,103.8,20.0,375.0,line_drive,medium,1,,
824994,55,field_out,out,0,14,8,88.3,66.0,218.0,fly_ball,medium,1,,
824994,56,single,hit,0,14,8,95.9,5.0,86.0,ground_ball,medium,1,,
824994,58,field_out,out,0,14,8,75.5,78.0,69.0,popup,medium,1,,
824994,59,force_out,out,0,14,8,99.3,-23.0,7.0,ground_ball,medium,1,,
824994,60,field_out,out,0,14,8,100.8,15.0,312.0,line_drive,hard,1,,
824994,61,single,hit,0,14,8,105.2,-0.0,52.0,ground_ball,medium,1,,
824994,62,grounded_into_double_play,out,0,14,8,105.4,-0.0,51.0,ground_ball,medium,1,,
824994,63,field_out,out,0,14,8,97.0,1.0,59.0,ground_ball,medium,1,,
824994,64,double,hit,0,14,8,104.4,5.0,109.0,ground_ball,medium,1,True,MJ
824994,65,single,hit,0,14,8,85.3,-39.0,2.0,ground_ball,medium,1,False,MJ
824994,66,force_out,out,1,15,8,106.5,-18.0,7.0,ground_ball,medium,1,True,MF
824994,67,triple,hit,1,16,8,89.8,40.0,,fly_ball,medium,0,,
824994,68,double,hit,1,17,8,112.7,18.0,377.0,line_drive,hard,1,,
824994,69,double,hit,1,18,8,96.9,28.0,395.0,fly_ball,medium,1,,
824994,70,field_out,out,0,18,8,95.1,29.0,,line_drive,medium,0,,
824994,71,home_run,hit,1,18,9,108.2,22.0,462.0,fly_ball,medium,1,,
824994,72,field_out,out,0,18,9,87.1,24.0,,line_drive,medium,0,,
824994,73,single,hit,0,18,9,104.4,15.0,266.0,line_drive,hard,1,,
824994,74,double,hit,0,18,9,105.4,12.0,236.0,line_drive,hard,1,False,MA
824994,76,single,hit,0,18,9,100.4,12.0,257.0,line_drive,hard,1,,
824994,79,home_run,hit,4,22,9,104.5,32.0,444.0,fly_ball,medium,1,,
824994,81,home_run,hit,1,23,9,,,,fly_ball,medium,0,,
824994,82,single,hit,0,23,9,101.9,-3.0,35.0,ground_ball,medium,1,,
824994,83,single,hit,0,23,9,78.9,57.0,221.0,fly_ball,medium,1,,
824994,84,field_out,out,0,23,9,107.4,8.0,175.0,line_drive,hard,1,,
824994,85,field_out,out,0,23,9,80.1,58.0,234.0,fly_ball,medium,1,,
824994,86,field_out,out,0,23,9,87.8,9.0,165.0,line_drive,medium,1,,
824994,87,field_out,out,0,23,9,89.2,-13.0,10.0,ground_ball,medium,1,,
824994,88,single,hit,0,23,9,105.4,6.0,118.0,ground_ball,medium,1,,
824994,90,field_out,out,0,23,9,99.0,10.0,180.0,line_drive,medium,1,,
824994,93,grounded_into_double_play,out,0,23,9,72.6,2.0,47.0,ground_ball,medium,1,,
824994,94,single,hit,0,23,9,61.2,-43.0,3.0,ground_ball,medium,1,,
824994,95,grounded_into_double_play,out,0,23,9,94.3,-10.0,13.0,ground_ball,medium,1,,
824994,97,field_out,out,0,23,9,98.7,4.0,104.0,ground_ball,medium,1,,
