game_pk,date,away_team,home_team,eA,eH,eT,rH,rA,plays,bip,fc,healed,official_url
822722,2026-06-14,SEA,WAS,1,2,3,10,1,71,56,1,0,https://statsapi.mlb.com/api/v1/game/822722/linescore
822794,2026-06-27,TOR,TEX,1,0,1,4,7,82,51,1,0,https://statsapi.mlb.com/api/v1/game/822794/linescore
822801,2026-06-14,TOR,NYY,1,1,2,3,8,82,61,1,1,https://statsapi.mlb.com/api/v1/game/822801/linescore
822885,2026-06-20,TEX,SD,1,1,2,4,6,83,50,0,0,https://statsapi.mlb.com/api/v1/game/822885/linescore
823038,2026-06-27,STL,MIA,0,0,0,1,5,74,54,0,0,https://statsapi.mlb.com/api/v1/game/823038/linescore
823126,2026-06-20,SEA,BOS,1,1,2,1,5,71,39,0,0,https://statsapi.mlb.com/api/v1/game/823126/linescore
823283,2026-06-27,SD,LAD,0,1,1,3,15,88,67,0,0,https://statsapi.mlb.com/api/v1/game/823283/linescore
823368,2026-06-14,PIT,MIA,2,0,2,2,4,79,46,0,0,https://statsapi.mlb.com/api/v1/game/823368/linescore
823441,2026-07-18,NYM,PHI,3,1,4,6,1,75,46,0,0,https://statsapi.mlb.com/api/v1/game/823441/linescore
823531,2026-06-21,NYY,CIN,0,2,2,1,4,72,49,0,1,https://statsapi.mlb.com/api/v1/game/823531/linescore
823532,2026-06-20,NYY,CIN,2,1,3,2,10,86,60,0,0,https://statsapi.mlb.com/api/v1/game/823532/linescore
823615,2026-06-14,ATL,NYM,2,1,3,8,1,76,54,0,0,https://statsapi.mlb.com/api/v1/game/823615/linescore
823763,2026-07-18,MIA,MIL,3,0,3,8,6,81,47,1,0,https://statsapi.mlb.com/api/v1/game/823763/linescore
823777,2026-06-14,PHI,MIL,1,1,2,4,0,64,52,1,1,https://statsapi.mlb.com/api/v1/game/823777/linescore
823854,2026-06-20,SF,MIA,3,0,3,6,3,79,50,0,0,https://statsapi.mlb.com/api/v1/game/823854/linescore
823937,2026-06-20,LAD,BAL,1,0,1,2,3,72,45,0,0,https://statsapi.mlb.com/api/v1/game/823937/linescore
824263,2026-06-20,CWS,DET,1,1,2,4,1,72,48,0,0,https://statsapi.mlb.com/api/v1/game/824263/linescore
824581,2026-06-27,CWS,KC,2,0,2,2,1,69,48,1,0,https://statsapi.mlb.com/api/v1/game/824581/linescore
824738,2026-07-18,TB,BOS,1,2,3,7,6,72,49,0,1,https://statsapi.mlb.com/api/v1/game/824738/linescore
824823,2026-06-14,BAL,SD,0,3,3,2,5,76,54,1,0,https://statsapi.mlb.com/api/v1/game/824823/linescore
824825,2026-06-27,BAL,WAS,1,2,3,3,4,86,54,1,0,https://statsapi.mlb.com/api/v1/game/824825/linescore
824890,2026-08-01,WAS,ATL,1,3,4,8,3,75,54,1,0,https://statsapi.mlb.com/api/v1/game/824890/linescore
824903,2026-07-04,NYM,ATL,1,1,2,14,3,85,58,1,0,https://statsapi.mlb.com/api/v1/game/824903/linescore
824994,2026-06-14,ATH,COL,1,1,2,9,23,98,79,0,0,https://statsapi.mlb.com/api/v1/game/824994/linescore
