game_pk,at_bat,official_feed_url,inning,half,event_type,official_call,status,official_scoring_pending,scoring_pending_kind,scoring_pending_codes,scoring_pending_text,prediction_available,prediction_unavailable_reason,description,batter,pitcher,away_score,home_score,play_id,savant_url,launch_speed,launch_angle,distance,trajectory,hardness,score_100,p_hit,p_error,p_error_binary,p_error_macro,p_fielders_choice,p_out,top_pick,top_prob,event_top_pick,event_top_prob,model_agrees_with_call,runners_on,risp,outs_before,run_scored,rbi_official,reviewed,review_overturned,review_type,event_p_single,event_p_double,event_p_triple,event_p_home_run,event_p_error,event_p_fielders_choice,event_p_field_out,event_p_force_out,event_p_double_play,event_p_sac_fly,event_p_sac_bunt,source,rbi_if_error,rbi_if_hit,rbi_if_fc
823441,1,https://statsapi.mlb.com/api/v1.1/game/823441/feed/live,,,field_out,out,scored,False,,,,True,,Juan Soto pops out to second baseman Bryson Stott.,,,0,0,,,79.2,68.0,126.0,popup,medium,0.2,0.0133,0.002,0.002,0.0018,0.0001,0.9848,out,0.9848,field_out,0.986,1,-,0,0,0,0,0,,,0.0095,0.0026,0.0,0.0,0.0017,0.0,0.986,0.0001,0.0,0.0,0.0,data/source/feed_823441.json,,,
823441,4,https://statsapi.mlb.com/api/v1.1/game/823441/feed/live,,,field_out,out,scored,False,,,,True,,"Carson Benge grounds out softly, catcher J.T. Realmuto to first baseman Bryce Harper.",,,0,0,,,58.4,-79.0,2.0,ground_ball,soft,1.34,0.1796,0.0134,0.0134,0.0131,0.0077,0.7995,out,0.7995,field_out,0.9295,1,-,0,0,0,0,0,,,0.0554,0.0035,0.0001,0.0,0.0087,0.0026,0.9295,0.0002,0.0002,0.0,0.0,data/source/feed_823441.json,,,
823441,5,https://statsapi.mlb.com/api/v1.1/game/823441/feed/live,,,single,hit,scored,False,,,,True,,"Trea Turner singles on a ground ball to shortstop Francisco Lindor, deflected by third baseman Bo Bichette.",,,0,0,,,77.4,-51.0,3.0,ground_ball,medium,1.3,0.1318,0.013,0.013,0.0122,0.0055,0.8505,out,0.8505,field_out,0.8935,0,-,0,0,0,0,0,,,0.0795,0.0084,0.0009,0.0,0.011,0.0035,0.8935,0.001,0.0022,0.0,0.0,data/source/feed_823441.json,,,
823441,6,https://statsapi.mlb.com/api/v1.1/game/823441/feed/live,,,home_run,hit,scored,False,,,,True,,Kyle Schwarber homers (33) on a fly ball to right field. Trea Turner scores.,,,0,2,,,106.0,41.0,399.0,fly_ball,medium,0.11,0.5899,0.0011,0.0011,0.0009,0.0,0.4092,hit,0.5899,home_run,0.9933,1,1B,0,0,1,2,0,,,0.0007,0.0026,0.0005,0.9933,0.0,0.0,0.0028,0.0,0.0,0.0,0.0,data/source/feed_823441.json,not a valid alternative: the official play is a home run; this feed row cannot model a counterfactual error or fielder's-choice ruling,The official play is a home run (a hit); check the recorded RBI field for the official result.,not a valid alternative: the official play is a home run; this feed row cannot model a counterfactual error or fielder's-choice ruling
823441,8,https://statsapi.mlb.com/api/v1.1/game/823441/feed/live,,,force_out,out,scored,False,,,,True,,"Alec Bohm grounds into a force out, third baseman Bo Bichette to second baseman Marcus Semien. Bryce Harper out at 2nd. Alec Bohm to 1st.",,,0,2,,,109.1,-8.0,16.0,ground_ball,hard,1.21,0.4932,0.0121,0.0121,0.0126,0.0004,0.4938,out,0.4938,double_play,0.5694,1,1B,0,0,0,0,0,,,0.2212,0.0254,0.0021,0.0,0.0057,0.0002,0.0459,0.1302,0.5694,0.0,0.0,data/source/feed_823441.json,,,
823441,11,https://statsapi.mlb.com/api/v1.1/game/823441/feed/live,,,field_out,out,scored,False,,,,True,,Marcus Semien flies out to left fielder Edmundo Sosa.,,,0,2,,,78.2,58.0,206.0,fly_ball,medium,0.16,0.0832,0.0016,0.0016,0.0016,0.0003,0.9149,out,0.9149,field_out,0.8905,1,-,0,0,0,0,0,,,0.0936,0.0103,0.0002,0.0,0.0021,0.0005,0.8905,0.0001,0.0023,0.0003,0.0,data/source/feed_823441.json,,,
823441,12,https://statsapi.mlb.com/api/v1.1/game/823441/feed/live,,,home_run,hit,scored,False,,,,True,,Tyrone Taylor homers (7) on a fly ball to left center field.,,,1,2,,,104.7,38.0,406.0,fly_ball,medium,0.07,0.345,0.0007,0.0007,0.0007,0.0,0.6543,out,0.6543,home_run,0.9604,0,-,0,0,1,1,0,,,0.001,0.0042,0.0008,0.9604,0.0,0.0,0.0335,0.0,0.0,0.0001,0.0,data/source/feed_823441.json,not a valid alternative: the official play is a home run; this feed row cannot model a counterfactual error or fielder's-choice ruling,The official play is a home run (a hit); check the recorded RBI field for the official result.,not a valid alternative: the official play is a home run; this feed row cannot model a counterfactual error or fielder's-choice ruling
823441,13,https://statsapi.mlb.com/api/v1.1/game/823441/feed/live,,,field_error,error,scored,False,,,,True,,A.J. Ewing reaches on a fielding error by shortstop Trea Turner.,,,1,2,,,105.9,-5.0,23.0,ground_ball,hard,0.79,0.2472,0.0079,0.0079,0.0088,0.0002,0.7438,out,0.7438,field_out,0.5775,0,-,0,0,0,0,0,,,0.3523,0.037,0.0021,0.0,0.0093,0.0002,0.5775,0.0022,0.0193,0.0,0.0,data/source/feed_823441.json,,,
823441,16,https://statsapi.mlb.com/api/v1.1/game/823441/feed/live,,,single,hit,scored,False,,,,True,,"J.T. Realmuto singles on a sharp line drive to right fielder Carson Benge. J.T. Realmuto to 2nd. J.T. Realmuto advances to 2nd, on a fielding error by right fielder Carson Benge.",,,1,2,,,107.1,10.0,243.0,line_drive,hard,0.1,0.8378,0.001,0.001,0.0006,0.0,0.1616,hit,0.8378,single,0.5627,1,1B,0,0,0,0,0,,,0.5627,0.3175,0.024,0.0,0.0009,0.0,0.0539,0.0007,0.0403,0.0,0.0,data/source/feed_823441.json,,,
823441,18,https://statsapi.mlb.com/api/v1.1/game/823441/feed/live,,,field_out,out,scored,False,,,,True,,"Bryson Stott grounds out, shortstop Francisco Lindor to first baseman Eric Wagaman. J.T. Realmuto to 3rd.",,,1,2,,,70.2,13.0,143.0,ground_ball,medium,2.25,0.2743,0.0225,0.0225,0.0262,0.0069,0.6926,out,0.6926,field_out,0.6385,1,2B,1,0,0,0,0,,,0.3151,0.0098,0.0004,0.0,0.0289,0.0053,0.6385,0.0005,0.0013,0.0,0.0001,data/source/feed_823441.json,,,
823441,19,https://statsapi.mlb.com/api/v1.1/game/823441/feed/live,,,field_out,out,scored,False,,,,True,,Trea Turner lines out sharply to second baseman Marcus Semien.,,,1,2,,,106.7,7.0,172.0,line_drive,hard,0.07,0.591,0.0007,0.0007,0.0008,0.0,0.4082,hit,0.591,single,0.558,0,-,0,0,0,0,0,,,0.558,0.1513,0.0073,0.0,0.0008,0.0,0.28,0.0,0.0026,0.0,0.0,data/source/feed_823441.json,,,
823441,21,https://statsapi.mlb.com/api/v1.1/game/823441/feed/live,,,field_out,out,scored,False,,,,True,,"Bo Bichette grounds out, second baseman Bryson Stott to first baseman Bryce Harper.",,,1,2,,,82.3,-29.0,4.0,ground_ball,medium,1.31,0.1379,0.0131,0.0131,0.0127,0.007,0.8424,out,0.8424,field_out,0.8217,1,-,0,0,0,0,0,,,0.1389,0.0091,0.0006,0.0,0.0133,0.0068,0.8217,0.002,0.0077,0.0,0.0,data/source/feed_823441.json,,,
823441,23,https://statsapi.mlb.com/api/v1.1/game/823441/feed/live,,,field_out,out,scored,False,,,,True,,Kyle Schwarber flies out to right fielder Carson Benge.,,,1,2,,,90.2,51.0,253.0,fly_ball,medium,0.12,0.1441,0.0012,0.0012,0.0013,0.0001,0.8544,out,0.8544,field_out,0.898,1,-,0,0,0,0,0,,,0.074,0.0243,0.0009,0.0001,0.0015,0.0002,0.898,0.0,0.0007,0.0004,0.0,data/source/feed_823441.json,,,
823441,25,https://statsapi.mlb.com/api/v1.1/game/823441/feed/live,,,field_out,out,scored,False,,,,True,,"Alec Bohm grounds out, third baseman Bo Bichette to first baseman Eric Wagaman.",,,1,2,,,74.2,-7.0,11.0,ground_ball,medium,1.55,0.1004,0.0155,0.0155,0.0145,0.0082,0.8769,out,0.8769,field_out,0.763,1,-,0,0,0,0,0,,,0.1822,0.0054,0.0001,0.0,0.0169,0.0109,0.763,0.0035,0.0179,0.0,0.0,data/source/feed_823441.json,,,
823441,26,https://statsapi.mlb.com/api/v1.1/game/823441/feed/live,,,field_out,out,scored,False,,,,True,,Carson Benge lines out to left fielder Edmundo Sosa.,,,1,2,,,87.1,27.0,305.0,line_drive,medium,0.1,0.5377,0.001,0.001,0.001,0.0,0.4612,hit,0.5377,field_out,0.5304,0,-,0,0,0,0,0,,,0.3551,0.1084,0.0037,0.0001,0.0013,0.0,0.5304,0.0,0.0005,0.0004,0.0,data/source/feed_823441.json,,,
823441,27,https://statsapi.mlb.com/api/v1.1/game/823441/feed/live,,,field_out,out,scored,False,,,,True,,Marcus Semien flies out to left fielder Edmundo Sosa.,,,1,2,,,96.8,58.0,242.0,fly_ball,medium,0.12,0.1626,0.0012,0.0012,0.0013,0.0002,0.836,out,0.836,field_out,0.861,1,-,0,0,0,0,0,,,0.1034,0.0296,0.001,0.0007,0.0016,0.0002,0.861,0.0,0.0014,0.0009,0.0,data/source/feed_823441.json,,,
823441,28,https://statsapi.mlb.com/api/v1.1/game/823441/feed/live,,,single,hit,scored,False,,,,True,,Tyrone Taylor singles on a sharp ground ball to left fielder Edmundo Sosa.,,,1,2,,,101.2,-5.0,24.0,ground_ball,hard,0.84,0.2198,0.0084,0.0084,0.0093,0.0002,0.7708,out,0.7708,field_out,0.6038,0,-,0,0,0,0,1,False,MJ,0.3335,0.0309,0.0015,0.0,0.0099,0.0002,0.6038,0.0022,0.018,0.0,0.0,data/source/feed_823441.json,,,
823441,30,https://statsapi.mlb.com/api/v1.1/game/823441/feed/live,,,single,hit,scored,False,,,,True,,Edmundo Sosa singles on a line drive to right fielder Carson Benge.,,,1,2,,,67.5,23.0,197.0,line_drive,medium,0.16,0.2892,0.0016,0.0016,0.0021,0.0,0.7087,out,0.7087,field_out,0.5295,0,-,0,0,0,0,0,,,0.4398,0.0245,0.0003,0.0,0.0023,0.0,0.5295,0.0,0.0035,0.0,0.0,data/source/feed_823441.json,,,
823441,32,https://statsapi.mlb.com/api/v1.1/game/823441/feed/live,,,field_out,out,scored,False,,,,True,,J.T. Realmuto flies out to center fielder A.J. Ewing. Edmundo Sosa to 3rd.,,,1,2,,,89.9,39.0,331.0,fly_ball,medium,0.17,0.3866,0.0017,0.0017,0.0021,0.0002,0.6112,out,0.6112,field_out,0.8394,1,2B,1,0,0,0,0,,,0.0979,0.0511,0.0061,0.0027,0.0023,0.0001,0.8394,0.0,0.0,0.0003,0.0001,data/source/feed_823441.json,,,
823441,35,https://statsapi.mlb.com/api/v1.1/game/823441/feed/live,,,field_out,out,scored,False,,,,True,,"Eric Wagaman grounds out, shortstop Trea Turner to first baseman Bryce Harper.",,,1,2,,,76.0,-10.0,19.0,ground_ball,medium,1.48,0.1106,0.0148,0.0148,0.0139,0.0071,0.8684,out,0.8684,field_out,0.7825,1,-,0,0,0,0,0,,,0.1705,0.0064,0.0002,0.0,0.0159,0.0085,0.7825,0.0027,0.0134,0.0,0.0,data/source/feed_823441.json,,,
823441,36,https://statsapi.mlb.com/api/v1.1/game/823441/feed/live,,,field_out,out,scored,False,,,,True,,Francisco Lindor lines out to center fielder Derek Hill.,,,1,2,,,93.2,22.0,334.0,line_drive,medium,0.08,0.6207,0.0008,0.0008,0.0008,0.0,0.3785,hit,0.6207,field_out,0.5253,0,-,0,0,0,0,0,,,0.2898,0.1706,0.0098,0.0027,0.001,0.0,0.5253,0.0,0.0002,0.0004,0.0,data/source/feed_823441.json,,,
823441,38,https://statsapi.mlb.com/api/v1.1/game/823441/feed/live,,,home_run,hit,scored,False,,,,True,,Trea Turner homers (12) on a fly ball to left center field.,,,1,3,,,106.1,22.0,414.0,fly_ball,medium,0.06,0.3819,0.0006,0.0006,0.0006,0.0,0.6174,out,0.6174,home_run,0.9748,0,-,0,0,1,1,0,,,0.0004,0.0031,0.001,0.9748,0.0,0.0,0.0207,0.0,0.0,0.0,0.0,data/source/feed_823441.json,not a valid alternative: the official play is a home run; this feed row cannot model a counterfactual error or fielder's-choice ruling,The official play is a home run (a hit); check the recorded RBI field for the official result.,not a valid alternative: the official play is a home run; this feed row cannot model a counterfactual error or fielder's-choice ruling
823441,40,https://statsapi.mlb.com/api/v1.1/game/823441/feed/live,,,field_out,out,scored,False,,,,True,,Bryce Harper flies out to left fielder Tyrone Taylor. Kyle Schwarber to 3rd.,,,1,3,,,82.3,60.0,195.0,fly_ball,medium,0.25,0.2119,0.0025,0.0025,0.003,0.001,0.7841,out,0.7841,double_play,0.3918,1,1B,0,0,0,0,1,True,MJ,0.2702,0.0276,0.0005,0.0,0.0056,0.0032,0.2744,0.0264,0.3918,0.0001,0.0001,data/source/feed_823441.json,,,
823441,41,https://statsapi.mlb.com/api/v1.1/game/823441/feed/live,,,single,hit,scored,False,,,,True,,Alec Bohm singles on a sharp ground ball to left fielder Tyrone Taylor. Kyle Schwarber scores.,,,1,4,,,109.4,8.0,145.0,ground_ball,hard,0.45,0.6069,0.0045,0.0045,0.0054,0.0003,0.3873,hit,0.6069,double,0.4585,1,3B,1,0,1,1,0,,,0.3763,0.4585,0.0097,0.0,0.0047,0.0001,0.1136,0.0002,0.0015,0.0353,0.0,data/source/feed_823441.json,"Rule 9.04(a)(3) can apply: fewer than two outs with a runner on third base. It credits an RBI when that runner ""ordinarily would score"" - a counterfactual the feed does not record, so this is not a ruling.","A run that scores on a hit is credited an RBI under Rule 9.04(a)(1), subject to the Rule 9.04(b) exceptions and the scorer's judgment; this feed row does not settle any exception.","A run-scoring fielder's choice is one of the plays Rule 9.04(a)(1) lists, so an RBI can be credited, subject to the Rule 9.04(b) exceptions and the scorer's judgment; this feed row does not settle any exception."
823441,42,https://statsapi.mlb.com/api/v1.1/game/823441/feed/live,,,single,hit,scored,False,,,,True,,Edmundo Sosa singles on a ground ball to left fielder Tyrone Taylor. Alec Bohm to 2nd.,,,1,4,,,99.5,-10.0,19.0,ground_ball,medium,1.7,0.4187,0.017,0.017,0.0172,0.0154,0.5487,out,0.5487,double_play,0.5898,0,1B,0,0,0,0,0,,,0.1614,0.0118,0.001,0.0,0.0087,0.01,0.0609,0.1564,0.5898,0.0,0.0,data/source/feed_823441.json,,,
823441,46,https://statsapi.mlb.com/api/v1.1/game/823441/feed/live,,,field_out,out,scored,False,,,,True,,"Bo Bichette grounds out, shortstop Trea Turner to first baseman Bryce Harper.",,,1,4,,,84.4,-32.0,4.0,ground_ball,medium,1.26,0.1484,0.0126,0.0126,0.0123,0.0068,0.8325,out,0.8325,field_out,0.8264,1,-,0,0,0,0,0,,,0.135,0.0102,0.0008,0.0,0.0127,0.0062,0.8264,0.0018,0.0068,0.0,0.0,data/source/feed_823441.json,,,
823441,47,https://statsapi.mlb.com/api/v1.1/game/823441/feed/live,,,field_out,out,scored,False,,,,True,,Francisco Alvarez flies out to center fielder Derek Hill.,,,1,4,,,98.3,39.0,360.0,fly_ball,medium,0.08,0.2617,0.0008,0.0008,0.0009,0.0,0.7374,out,0.7374,field_out,0.7192,1,-,0,0,0,0,0,,,0.0256,0.0518,0.006,0.1959,0.0006,0.0,0.7192,0.0,0.0,0.0009,0.0,data/source/feed_823441.json,,,
823441,49,https://statsapi.mlb.com/api/v1.1/game/823441/feed/live,,,triple,hit,scored,False,,,,True,,Bryson Stott triples (5) on a sharp line drive to center fielder A.J. Ewing.,,,1,4,,,106.7,17.0,395.0,line_drive,hard,0.05,0.764,0.0005,0.0005,0.0003,0.0,0.2357,hit,0.764,double,0.4535,1,-,0,0,0,0,0,,,0.171,0.4535,0.0488,0.0411,0.0003,0.0,0.2849,0.0,0.0,0.0003,0.0,data/source/feed_823441.json,,,
823441,52,https://statsapi.mlb.com/api/v1.1/game/823441/feed/live,,,single,hit,scored,False,,,,True,,Bryce Harper singles on a sharp line drive to right fielder Carson Benge. Bryson Stott scores. Trea Turner scores. Kyle Schwarber to 2nd.,,,1,6,,,103.4,8.0,157.0,line_drive,hard,0.16,0.9603,0.0016,0.0016,0.0007,0.0,0.039,hit,0.9603,single,0.7273,1,"1B,2B,3B",1,0,1,2,0,,,0.7273,0.2495,0.0048,0.0,0.0005,0.0,0.0017,0.0007,0.0148,0.0006,0.0002,data/source/feed_823441.json,"Rule 9.04(a)(3) can apply: fewer than two outs with a runner on third base. It credits an RBI when that runner ""ordinarily would score"" - a counterfactual the feed does not record, so this is not a ruling.","A run that scores on a hit is credited an RBI under Rule 9.04(a)(1), subject to the Rule 9.04(b) exceptions and the scorer's judgment; this feed row does not settle any exception.","A run-scoring fielder's choice is one of the plays Rule 9.04(a)(1) lists, so an RBI can be credited, subject to the Rule 9.04(b) exceptions and the scorer's judgment; this feed row does not settle any exception."
823441,53,https://statsapi.mlb.com/api/v1.1/game/823441/feed/live,,,field_out,out,scored,False,,,,True,,Alec Bohm flies out to center fielder A.J. Ewing. Kyle Schwarber to 3rd. Throwing error by shortstop Francisco Lindor.,,,1,6,,,94.9,25.0,369.0,fly_ball,medium,0.22,0.7161,0.0022,0.0022,0.0018,0.0001,0.282,hit,0.7161,field_out,0.2849,0,"1B,2B",1,0,0,0,0,,,0.1543,0.214,0.0676,0.2733,0.0042,0.0001,0.2849,0.0003,0.0008,0.0,0.0005,data/source/feed_823441.json,,,
823441,54,https://statsapi.mlb.com/api/v1.1/game/823441/feed/live,,,field_out,out,scored,False,,,,True,,"Edmundo Sosa grounds out, third baseman Bo Bichette to first baseman Eric Wagaman.",,,1,6,,,86.1,5.0,78.0,ground_ball,medium,1.2,0.1691,0.012,0.012,0.0118,0.0036,0.8155,out,0.8155,field_out,0.7583,1,-,0,0,0,0,0,,,0.2001,0.0128,0.0005,0.0,0.0137,0.0036,0.7583,0.0013,0.0096,0.0,0.0,data/source/feed_823441.json,,,
823441,57,https://statsapi.mlb.com/api/v1.1/game/823441/feed/live,,,field_out,out,scored,False,,,,True,,"Tyrone Taylor grounds out, shortstop Trea Turner to first baseman Bryce Harper.",,,1,6,,,86.8,-12.0,10.0,ground_ball,medium,1.29,0.1482,0.0129,0.0129,0.0128,0.0079,0.8311,out,0.8311,field_out,0.743,1,-,0,0,0,0,0,,,0.2021,0.0099,0.0005,0.0,0.0145,0.0097,0.743,0.0029,0.0174,0.0,0.0,data/source/feed_823441.json,,,
823441,58,https://statsapi.mlb.com/api/v1.1/game/823441/feed/live,,,single,hit,scored,False,,,,True,,"Mets challenged (play at 1st), call on the field was overturned: A.J. Ewing singles on a ground ball to second baseman Bryson Stott.",,,1,6,,,84.8,-52.0,3.0,ground_ball,medium,1.17,0.1635,0.0117,0.0117,0.0114,0.0054,0.8197,out,0.8197,field_out,0.8808,0,-,0,0,0,0,1,True,MF,0.0885,0.012,0.0017,0.0,0.0103,0.0035,0.8808,0.0009,0.0024,0.0,0.0,data/source/feed_823441.json,,,
823441,59,https://statsapi.mlb.com/api/v1.1/game/823441/feed/live,,,field_out,out,scored,False,,,,True,,Eric Wagaman flies out to right fielder Derek Hill.,,,1,6,,,77.0,42.0,258.0,fly_ball,medium,0.22,0.2397,0.0022,0.0022,0.0025,0.0003,0.7574,out,0.7574,field_out,0.6142,1,1B,0,0,0,0,0,,,0.2303,0.0701,0.0025,0.0,0.0074,0.0009,0.6142,0.0081,0.0663,0.0,0.0002,data/source/feed_823441.json,,,
823441,60,https://statsapi.mlb.com/api/v1.1/game/823441/feed/live,,,single,hit,scored,False,,,,True,,J.T. Realmuto singles on a sharp line drive to center fielder A.J. Ewing.,,,1,6,,,105.5,8.0,199.0,line_drive,hard,0.07,0.6051,0.0007,0.0007,0.0008,0.0,0.3941,hit,0.6051,single,0.5084,1,-,0,0,0,0,0,,,0.5084,0.1766,0.009,0.0,0.0008,0.0,0.3037,0.0,0.0015,0.0,0.0,data/source/feed_823441.json,,,
823441,62,https://statsapi.mlb.com/api/v1.1/game/823441/feed/live,,,field_out,out,scored,False,,,,True,,Bryson Stott flies out to right fielder Carson Benge.,,,1,6,,,89.2,48.0,264.0,fly_ball,medium,0.12,0.1472,0.0012,0.0012,0.0013,0.0001,0.8515,out,0.8515,field_out,0.9082,1,-,0,0,0,0,0,,,0.0633,0.025,0.001,0.0001,0.0014,0.0001,0.9082,0.0,0.0004,0.0004,0.0,data/source/feed_823441.json,,,
823441,63,https://statsapi.mlb.com/api/v1.1/game/823441/feed/live,,,single,hit,scored,False,,,,True,,Trea Turner singles on a ground ball to second baseman Marcus Semien. J.T. Realmuto to 2nd.,,,1,6,,,75.0,3.0,55.0,ground_ball,medium,2.29,0.2558,0.0229,0.0229,0.0243,0.0122,0.7077,out,0.7077,double_play,0.5178,0,1B,0,0,0,0,0,,,0.1729,0.0064,0.0002,0.0,0.0158,0.0097,0.0966,0.1805,0.5178,0.0,0.0001,data/source/feed_823441.json,,,
823441,64,https://statsapi.mlb.com/api/v1.1/game/823441/feed/live,,,field_out,out,scored,False,,,,True,,Kyle Schwarber pops out to catcher Francisco Alvarez in foul territory.,,,1,6,,,79.6,82.0,17.0,popup,medium,0.26,0.0083,0.0026,0.0026,0.0023,0.0004,0.989,out,0.989,field_out,0.9664,1,-,0,0,0,0,0,,,0.0271,0.0014,0.0,0.0,0.0034,0.0002,0.9664,0.0011,0.0003,0.0,0.0,data/source/feed_823441.json,,,
823441,66,https://statsapi.mlb.com/api/v1.1/game/823441/feed/live,,,field_out,out,scored,False,,,,True,,"Juan Soto grounds out, second baseman Bryson Stott to first baseman Bryce Harper.",,,1,6,,,79.5,-18.0,8.0,ground_ball,medium,1.4,0.1225,0.014,0.014,0.0134,0.0076,0.8565,out,0.8565,field_out,0.7917,1,-,0,0,0,0,0,,,0.1625,0.0075,0.0003,0.0,0.0149,0.0086,0.7917,0.0026,0.0119,0.0,0.0,data/source/feed_823441.json,,,
823441,67,https://statsapi.mlb.com/api/v1.1/game/823441/feed/live,,,field_out,out,scored,False,,,,True,,Bo Bichette flies out to left fielder Brandon Marsh.,,,1,6,,,87.7,46.0,285.0,fly_ball,medium,0.11,0.1524,0.0011,0.0011,0.0012,0.0001,0.8463,out,0.8463,field_out,0.9188,1,-,0,0,0,0,0,,,0.0516,0.0263,0.0012,0.0001,0.0012,0.0001,0.9188,0.0,0.0002,0.0004,0.0,data/source/feed_823441.json,,,
823441,68,https://statsapi.mlb.com/api/v1.1/game/823441/feed/live,,,field_out,out,scored,False,,,,True,,Bryce Harper flies out to right fielder Carson Benge.,,,1,6,,,97.8,50.0,289.0,fly_ball,medium,0.1,0.2004,0.001,0.001,0.0011,0.0001,0.7984,out,0.7984,field_out,0.8805,1,-,0,0,0,0,0,,,0.065,0.0415,0.0024,0.0081,0.0012,0.0001,0.8805,0.0,0.0003,0.001,0.0,data/source/feed_823441.json,,,
823441,69,https://statsapi.mlb.com/api/v1.1/game/823441/feed/live,,,single,hit,scored,False,,,,True,,Alec Bohm singles on a ground ball to center fielder A.J. Ewing.,,,1,6,,,99.5,6.0,121.0,ground_ball,medium,0.91,0.2728,0.0091,0.0091,0.0091,0.0019,0.7163,out,0.7163,field_out,0.7503,0,-,0,0,0,0,0,,,0.1999,0.0301,0.0022,0.0,0.0106,0.0014,0.7503,0.0006,0.0049,0.0,0.0,data/source/feed_823441.json,,,
823441,70,https://statsapi.mlb.com/api/v1.1/game/823441/feed/live,,,field_out,out,scored,False,,,,True,,Justin Crawford flies out to left fielder Tyrone Taylor in foul territory.,,,1,6,,,83.0,60.0,210.0,fly_ball,medium,0.15,0.0967,0.0015,0.0015,0.0016,0.0003,0.9014,out,0.9014,field_out,0.8772,1,-,0,0,0,0,0,,,0.1039,0.013,0.0002,0.0,0.0021,0.0005,0.8772,0.0001,0.0026,0.0004,0.0,data/source/feed_823441.json,,,
823441,71,https://statsapi.mlb.com/api/v1.1/game/823441/feed/live,,,field_out,out,scored,False,,,,True,,Brandon Marsh flies out to third baseman Bo Bichette.,,,1,6,,,80.7,62.0,178.0,fly_ball,medium,0.17,0.0798,0.0017,0.0017,0.0017,0.0005,0.918,out,0.918,field_out,0.8554,1,-,0,0,0,0,0,,,0.1253,0.0096,0.0001,0.0,0.0025,0.0011,0.8554,0.0002,0.0056,0.0003,0.0,data/source/feed_823441.json,,,
823441,72,https://statsapi.mlb.com/api/v1.1/game/823441/feed/live,,,field_out,out,scored,False,,,,True,,"Francisco Alvarez grounds out, third baseman Alec Bohm to first baseman Bryce Harper.",,,1,6,,,88.5,-0.0,45.0,ground_ball,medium,1.22,0.1658,0.0122,0.0122,0.0122,0.0055,0.8165,out,0.8165,field_out,0.7288,1,-,0,0,0,0,0,,,0.2205,0.012,0.0005,0.0,0.0142,0.0063,0.7288,0.0021,0.0156,0.0,0.0,data/source/feed_823441.json,,,
823441,74,https://statsapi.mlb.com/api/v1.1/game/823441/feed/live,,,field_out,out,scored,False,,,,True,,"Marcus Semien grounds out softly, catcher J.T. Realmuto to first baseman Bryce Harper.",,,1,6,,,54.0,-54.0,0.0,ground_ball,soft,1.55,0.141,0.0155,0.0155,0.0151,0.0107,0.8332,out,0.8332,field_out,0.8867,1,-,0,0,0,0,0,,,0.0918,0.0024,0.0,0.0,0.0121,0.0058,0.8867,0.0005,0.0007,0.0,0.0,data/source/feed_823441.json,,,
