game_pk,play_id,at_bat,title,highlight_count,mp4,mp4_source,playback_count,video_status,no_video_found,no_mp4_found,watch_url,savant_url
823566,45a8f60b-b1da-385e-b1cf-449360a8a587,47,,0,https://sporty-clips.mlb.com/N3l6bkdfWGw0TUFRPT1fQWdRQVhBSUNWbEFBV2xOV0J3QUhDUU1EQUFNRUFBY0FCbEVNQXdVRlVBc0VCUXBS.mp4,savant,0,200,0,0,https://baseballsavant.mlb.com/sporty-videos?playId=45a8f60b-b1da-385e-b1cf-449360a8a587,https://baseballsavant.mlb.com/sporty-videos?playId=45a8f60b-b1da-385e-b1cf-449360a8a587
824291,087f69f7-88a2-3e28-8176-36ea05d4d92f,17,,0,https://sporty-clips.mlb.com/QndSellfWGw0TUFRPT1fQmdsV0FsSU5BQVVBQUZwVFZBQUhWQVJlQUZrRVZGY0FBVk5RVVFNQVZRY0JDUUFB.mp4,savant,0,200,0,0,https://baseballsavant.mlb.com/sporty-videos?playId=087f69f7-88a2-3e28-8176-36ea05d4d92f,https://baseballsavant.mlb.com/sporty-videos?playId=087f69f7-88a2-3e28-8176-36ea05d4d92f
825015,85331999-020e-3ae6-8704-d11fd1332d41,36,,0,https://sporty-clips.mlb.com/V0FWd29fWGw0TUFRPT1fRGdSU1YxVU5Yd3NBQ0ZBQ0F3QUhVRk5RQUZrQ1UxVUFWbFFFVmxjRUFnQlhWQVpY.mp4,savant,0,200,0,0,https://baseballsavant.mlb.com/sporty-videos?playId=85331999-020e-3ae6-8704-d11fd1332d41,https://baseballsavant.mlb.com/sporty-videos?playId=85331999-020e-3ae6-8704-d11fd1332d41
823795,d569e69f-f378-3cf2-b1cd-757cade022b2,72,,0,https://sporty-clips.mlb.com/NHlLWkJfWGw0TUFRPT1fVWdSWFhRRUNYMVFBWGxFRlhnQUhVbEJVQUFNRUFBVUFCVkFDVTFKUlZBTlhBbEJV.mp4,savant,0,200,0,0,https://baseballsavant.mlb.com/sporty-videos?playId=d569e69f-f378-3cf2-b1cd-757cade022b2,https://baseballsavant.mlb.com/sporty-videos?playId=d569e69f-f378-3cf2-b1cd-757cade022b2
823784,4e138d95-de41-3f7b-a566-81effea6e97a,58,,0,https://sporty-clips.mlb.com/bGJ3TlZfWGw0TUFRPT1fQWxSUVYxeFFYd2NBWEFjR1Z3QUhWd0VFQUFBQVZWY0FDbFJRVmxWUVVBVUFDUVVI.mp4,savant,0,200,0,0,https://baseballsavant.mlb.com/sporty-videos?playId=4e138d95-de41-3f7b-a566-81effea6e97a,https://baseballsavant.mlb.com/sporty-videos?playId=4e138d95-de41-3f7b-a566-81effea6e97a
824755,ba78c099-de1c-307b-8a4a-2d5ec804b00b,7,,0,https://sporty-clips.mlb.com/TUE0ZVdfWGw0TUFRPT1fVkZCV1hBY0VYd3NBWEFjREJRQUhBUUVFQUZsVVZ3QUFBQUVBVlZBTkFRY0hBQUlF.mp4,savant,0,200,0,0,https://baseballsavant.mlb.com/sporty-videos?playId=ba78c099-de1c-307b-8a4a-2d5ec804b00b,https://baseballsavant.mlb.com/sporty-videos?playId=ba78c099-de1c-307b-8a4a-2d5ec804b00b
824022,a1fe23b0-8292-38f8-94a0-dd977326c121,59,,0,https://sporty-clips.mlb.com/N3l6TmtfWGw0TUFRPT1fVndBSEFWWUhCQUlBQUZBTFZBQUhDVkJlQUZnQkFsRUFWZ0VNQndRR0F3VUdBUUJY.mp4,savant,0,200,0,0,https://baseballsavant.mlb.com/sporty-videos?playId=a1fe23b0-8292-38f8-94a0-dd977326c121,https://baseballsavant.mlb.com/sporty-videos?playId=a1fe23b0-8292-38f8-94a0-dd977326c121
824016,6506fb98-e452-31ff-a4ba-05ab72db1f3c,43,,0,https://sporty-clips.mlb.com/WnhxUFhfWGw0TUFRPT1fQUFSUlVnSldYd29BWFZZSFZBQUhBRkFBQUFBQkFRQUFBbEJVVWdRSFZWRlVWZ0VG.mp4,savant,0,200,0,0,https://baseballsavant.mlb.com/sporty-videos?playId=6506fb98-e452-31ff-a4ba-05ab72db1f3c,https://baseballsavant.mlb.com/sporty-videos?playId=6506fb98-e452-31ff-a4ba-05ab72db1f3c
823930,e9a72832-b117-385a-9ee7-887090c53a3d,73,,0,https://sporty-clips.mlb.com/ZzZ3WGxfWGw0TUFRPT1fVXdnQVUxWU1WUUFBV2xNRFVRQUhDUU1IQUZoUUJsWUFDbDBDQUFvRlVnWldVUUVD.mp4,savant,0,200,0,0,https://baseballsavant.mlb.com/sporty-videos?playId=e9a72832-b117-385a-9ee7-887090c53a3d,https://baseballsavant.mlb.com/sporty-videos?playId=e9a72832-b117-385a-9ee7-887090c53a3d
823604,ef2d0792-cee1-36f3-be43-f33032f7b9ba,29,,0,https://sporty-clips.mlb.com/NXk5N01fV0ZRVkV3dEdEUT09X1UxZFRBRlFEWHdBQVd3ZFhWd0FIQjFCVkFBTlFWMUlBVkZZR0FBQUhWd1FIQ1ZBSA&#x3D;&#x3D;.mp4,savant,0,200,0,0,https://baseballsavant.mlb.com/sporty-videos?playId=ef2d0792-cee1-36f3-be43-f33032f7b9ba,https://baseballsavant.mlb.com/sporty-videos?playId=ef2d0792-cee1-36f3-be43-f33032f7b9ba
824565,602ff128-42f6-38c7-9bc8-603212a708f3,10,,0,https://sporty-clips.mlb.com/eUx3eU5fV0ZRVkV3dEdEUT09X0FBRlRBZ0lGVkFvQURGQlVVQUFIQ1ZWUkFGaFhBRmtBQkZVR0FnSUhVQVJWQ0ZSVg&#x3D;&#x3D;.mp4,savant,0,200,0,0,https://baseballsavant.mlb.com/sporty-videos?playId=602ff128-42f6-38c7-9bc8-603212a708f3,https://baseballsavant.mlb.com/sporty-videos?playId=602ff128-42f6-38c7-9bc8-603212a708f3
823671,14f20720-0f73-398b-bf17-59d26e4660a4,31,,0,https://sporty-clips.mlb.com/eHl3a3pfWGw0TUFRPT1fQndVSFZsUURWQUlBQ0FRRlZRQUhDQTRFQUFOVFVsWUFCMXhSQWdWUUJRVlRBRk5T.mp4,savant,0,200,0,0,https://baseballsavant.mlb.com/sporty-videos?playId=14f20720-0f73-398b-bf17-59d26e4660a4,https://baseballsavant.mlb.com/sporty-videos?playId=14f20720-0f73-398b-bf17-59d26e4660a4
823341,fcf79991-a737-32c2-b431-0989cddac4a7,34,,0,https://sporty-clips.mlb.com/TzA0ajNfWGw0TUFRPT1fVUZJSFUxME5Yd01BV1ZVQlVRQUhBMVZVQUFNQlVGQUFBbHdOQ1ZCUlZWSUdCRk5S.mp4,savant,0,200,0,0,https://baseballsavant.mlb.com/sporty-videos?playId=fcf79991-a737-32c2-b431-0989cddac4a7,https://baseballsavant.mlb.com/sporty-videos?playId=fcf79991-a737-32c2-b431-0989cddac4a7
823099,debc2afa-2e01-3043-909c-2c1882a7b351,43,,0,https://sporty-clips.mlb.com/TUFYdjVfWGw0TUFRPT1fVWxRREIxWlZBRk1BQ2djQ1Z3QUhBUUpWQUZnRldnSUFBQVlFQ0FzSFVBUUhBd2RY.mp4,savant,0,200,0,0,https://baseballsavant.mlb.com/sporty-videos?playId=debc2afa-2e01-3043-909c-2c1882a7b351,https://baseballsavant.mlb.com/sporty-videos?playId=debc2afa-2e01-3043-909c-2c1882a7b351
824235,7513a38a-0b93-3202-9c37-770279f03965,18,,0,https://sporty-clips.mlb.com/YVlkVnlfWGw0TUFRPT1fQVFSUVZ3VUhYbE1BQ0FBTFZRQUhBd1pVQUZoV1VGWUFCVklGQWdRTVZ3TldDUVJU.mp4,savant,0,200,0,0,https://baseballsavant.mlb.com/sporty-videos?playId=7513a38a-0b93-3202-9c37-770279f03965,https://baseballsavant.mlb.com/sporty-videos?playId=7513a38a-0b93-3202-9c37-770279f03965
824312,a34a05ed-58b8-390c-a686-67b88e12e89f,23,,0,https://sporty-clips.mlb.com/ek13S3hfWGw0TUFRPT1fVndKVkJWUUJBMVlBRFZwUVhnQUhDQVlGQUFBRFcxY0FCRkpYQ0F0UUFBRUFDQXNB.mp4,savant,0,200,0,0,https://baseballsavant.mlb.com/sporty-videos?playId=a34a05ed-58b8-390c-a686-67b88e12e89f,https://baseballsavant.mlb.com/sporty-videos?playId=a34a05ed-58b8-390c-a686-67b88e12e89f
824954,97a13420-8216-3011-8781-f01934662e13,32,,0,https://sporty-clips.mlb.com/OTdWdmxfWGw0TUFRPT1fRHdZQVZWY0FWQUlBQUZBRFVBQUhBUWRYQUZrQ1cxQUFWRlVFQ1FBQkJ3VlhWUU5W.mp4,savant,0,200,0,0,https://baseballsavant.mlb.com/sporty-videos?playId=97a13420-8216-3011-8781-f01934662e13,https://baseballsavant.mlb.com/sporty-videos?playId=97a13420-8216-3011-8781-f01934662e13
